name,NSE_code,BSE_code,sector,industry,operating_expenses,operating_profit,operating_profit_margin,depreciation,interest,profit_before_tax,tax,net_profit,EPS,profit_TTM,EPS_TTM
3M India Ltd.,3MINDIA,523395,GENERAL INDUSTRIALS,INDUSTRIAL MACHINERY,847.40,192.10,0.18,45547.00,0.70,195.90,49.80,146.10,129.70,535.90,475.70
ACC Ltd.,ACC,500410,CEMENT AND CONSTRUCTION,CEMENT & CEMENT PRODUCTS,3885.40,549.30,0.12,212.80,45563.00,517.70,131.50,387.90,45493.00,1202.70,64.00
AIA Engineering Ltd.,AIAENG,532683,GENERAL INDUSTRIALS,OTHER INDUSTRIAL GOODS,912.70,382.10,0.30,45436.00,45389.00,412.50,88.40,323.10,34.30,1216.10,128.90
APL Apollo Tubes Ltd.,APLAPOLLO,533758,METALS & MINING,IRON & STEEL PRODUCTS,4305.40,325.00,0.07,41.30,45469.00,276.70,73.80,202.90,45358.00,767.50,45500.00
Au Small Finance Bank Ltd.,AUBANK,540611,BANKING AND FINANCE,BANKS,1026.70,647.70,0.26,0.00,1282.10,533.40,131.50,401.80,6.00,1606.20,24.00
Adani Ports & Special Economic Zone Ltd.,ADANIPORTS,532921,TRANSPORTATION,MARINE PORT & SERVICES,2982.40,3664.00,0.55,974.50,520.10,2474.90,759.00,1747.80,45299.00,6337.00,45380.00
Adani Energy Solutions Ltd.,ADANIENSOL,ASM,UTILITIES,ELECTRIC UTILITIES,2169.30,1504.60,0.41,432.10,640.80,369.90,84.90,275.90,45414.00,1315.10,45515.00
Aditya Birla Fashion and Retail Ltd.,ABFRL,535755,RETAILING,DEPARTMENT STORES,2903.60,322.90,0.10,388.80,208.40,-228.60,-28.20,-179.20,-1.90,-491.70,-5.20
Aegis Logistics Ltd.,AEGISCHEM,500003,OIL & GAS,OIL MARKETING & DISTRIBUTION,1026.50,208.30,0.17,34.10,45469.00,192.00,42.00,127.00,45446.00,509.00,45426.00
Ajanta Pharma Ltd.,AJANTPHARM,532331,PHARMACEUTICALS & BIOTECHNOLOGY,PHARMACEUTICALS,737.80,290.70,0.28,33.70,45353.00,275.90,80.60,195.30,45427.00,660.20,52.30
Alembic Pharmaceuticals Ltd.,APLLTD,533573,PHARMACEUTICALS & BIOTECHNOLOGY,PHARMACEUTICALS,1386.70,208.20,0.13,67.60,45488.00,135.10,-1.90,136.60,7.00,531.70,27.00
Alkem Laboratories Ltd.,ALKEM,539523,PHARMACEUTICALS & BIOTECHNOLOGY,PHARMACEUTICALS,2693.40,746.70,0.22,73.90,45381.00,648.00,33.10,620.50,51.90,1432.90,119.90
Amara Raja Energy & Mobility Ltd.,ARE&M,500008,AUTOMOBILES & AUTO COMPONENTS,AUTO PARTS & EQUIPMENT,2556.90,402.50,0.14,115.70,45328.00,309.80,83.50,226.30,45335.00,779.80,45.70
Ambuja Cements Ltd.,AMBUJACEM,500425,CEMENT AND CONSTRUCTION,CEMENT & CEMENT PRODUCTS,6122.10,1301.80,0.18,380.90,61.20,1335.70,352.50,793.00,4.00,2777.90,14.00
Apollo Hospitals Enterprise Ltd.,APOLLOHOSP,508869,DIVERSIFIED CONSUMER SERVICES,HEALTHCARE FACILITIES,4219.40,627.50,0.13,163.40,111.30,376.90,130.20,232.90,45338.00,697.50,48.50
Apollo Tyres Ltd.,APOLLOTYRE,500877,AUTOMOBILES & AUTO COMPONENTS,AUTO TYRES & RUBBER PRODUCTS,5119.80,1159.80,0.18,360.30,132.80,679.90,205.80,474.30,45419.00,1590.70,25.00
Ashok Leyland Ltd.,ASHOKLEY,500477,AUTOMOBILES & AUTO COMPONENTS,COMMERCIAL VEHICLES,9558.60,1870.40,0.16,226.60,715.10,924.40,358.00,526.00,45505.00,2141.50,45358.00
Asian Paints Ltd.,ASIANPAINT,500820,DIVERSIFIED CONSUMER SERVICES,FURNITURE-FURNISHING-PAINTS,6762.30,1716.20,0.20,208.70,50.90,1621.80,418.60,1205.40,45455.00,5062.60,52.80
Astral Ltd.,ASTRAL,532830,GENERAL INDUSTRIALS,PLASTIC PRODUCTS,1142.90,220.10,0.16,48.70,8.00,176.80,45.10,131.20,45539.00,549.70,45402.00
Atul Ltd.,ATUL,500027,CHEMICALS & PETROCHEMICALS,SPECIALTY CHEMICALS,1038.50,155.20,0.13,54.00,45536.00,121.50,32.50,90.30,45473.00,392.30,132.90
Aurobindo Pharma Ltd.,AUROPHARMA,524804,PHARMACEUTICALS & BIOTECHNOLOGY,PHARMACEUTICALS,5846.00,1373.40,0.19,417.50,68.20,1074.70,323.70,757.20,45516.00,2325.50,39.70
Avanti Feeds Ltd.,AVANTIFEED,512573,FOOD BEVERAGES & TOBACCO,OTHER FOOD PRODUCTS,1184.50,94.00,0.07,45365.00,0.20,113.00,45442.00,74.20,45417.00,336.40,45497.00
Avenue Supermarts Ltd.,DMART,540376,RETAILING,DEPARTMENT STORES,11619.40,1005.00,0.08,174.40,45458.00,851.90,228.60,623.60,45452.00,2332.10,35.80
Axis Bank Ltd.,AXISBANK,532215,BANKING AND FINANCE,BANKS,9207.30,9166.00,0.33,0.00,14749.00,8313.80,2096.10,6204.10,45311.00,13121.00,42.60
Bajaj Auto Ltd.,BAJAJ-AUTO,532977,AUTOMOBILES & AUTO COMPONENTS,2/3 WHEELERS,8708.10,2130.10,0.20,91.80,45418.00,2400.40,564.00,202.00,71.40,6841.60,241.80
Bajaj Finance Ltd.,BAJFINANCE,500034,BANKING AND FINANCE,FINANCE (INCLUDING NBFCS),2851.50,9449.70,0.71,158.50,4537.10,4757.60,1207.00,3550.80,58.70,13118.50,216.70
Bajaj Finserv Ltd.,BAJAJFINSV,532978,DIVERSIFIED,HOLDING COMPANIES,14992.20,9949.90,0.38,208.80,4449.10,5292.00,1536.50,1929.00,45303.00,7422.60,46.60
Bajaj Holdings & Investment Ltd.,BAJAJHLDNG,500490,DIVERSIFIED,HOLDING COMPANIES,33.50,191.20,0.85,45390.00,0.20,197.90,73.90,1491.20,134.00,5545.10,498.30
Balkrishna Industries Ltd.,BALKRISIND,502355,AUTOMOBILES & AUTO COMPONENTS,AUTO TYRES & RUBBER PRODUCTS,1720.50,532.70,0.24,160.40,45558.00,455.50,108.10,347.40,18.00,1047.50,54.20
Balrampur Chini Mills Ltd.,BALRAMCHIN,500038,FOOD BEVERAGES & TOBACCO,SUGAR,1374.60,164.90,0.11,41.20,45339.00,215.90,56.60,166.30,45330.00,540.50,45530.00
Bank of Baroda,BANKBARODA,532134,BANKING AND FINANCE,BANKS,8430.40,9807.90,0.34,0.00,17527.70,6022.80,1679.70,4458.40,45420.00,18602.90,35.90
Bank of India,BANKINDIA,532149,BANKING AND FINANCE,BANKS,3704.90,3818.80,0.25,0.00,9255.70,2977.40,1488.60,1498.50,45446.00,5388.70,45304.00
Bata India Ltd.,BATAINDIA,500043,RETAILING,FOOTWEAR,637.50,181.70,0.22,81.70,45410.00,46.10,45303.00,34.00,45445.00,289.70,45434.00
Berger Paints (India) Ltd.,BERGEPAINT,509480,DIVERSIFIED CONSUMER SERVICES,FURNITURE-FURNISHING-PAINTS,2293.70,473.60,0.17,82.90,45312.00,385.00,96.70,291.60,45414.00,1032.60,45543.00
Bharat Electronics Ltd.,BEL,500049,GENERAL INDUSTRIALS,DEFENCE,2994.90,1014.20,0.25,108.30,45413.00,1041.50,260.70,789.40,45292.00,3323.00,45416.00
Bharat Forge Ltd.,BHARATFORG,500493,GENERAL INDUSTRIALS,OTHER INDUSTRIAL PRODUCTS,3152.80,621.40,0.16,211.30,124.30,336.10,121.80,227.20,45539.00,783.70,45520.00
Bharat Heavy Electricals Ltd.,BHEL,500103,GENERAL INDUSTRIALS,HEAVY ELECTRICAL EQUIPMENT,5513.00,-387.70,-0.08,59.90,180.40,-447.90,-197.90,-238.10,-0.70,71.30,0.20
Bharat Petroleum Corporation Ltd.,BPCL,500547,OIL & GAS,REFINERIES/PETRO-PRODUCTS,90103.90,12940.50,0.13,1605.30,973.20,10755.70,2812.20,8243.50,38.70,27505.30,129.20
Bharti Airtel Ltd.,BHARTIARTL,532454,TELECOM SERVICES,TELECOM SERVICES,17530.10,19513.70,0.53,9734.30,5185.80,3353.70,1846.50,1340.70,45384.00,7547.00,45335.00
Indus Towers Ltd.,INDUSTOWER,534816,TELECOM SERVICES,OTHER TELECOM SERVICES,3498.80,3633.70,0.51,1525.60,458.60,1746.70,452.00,1294.70,45508.00,3333.50,45394.00
Biocon Ltd.,BIOCON,532523,PHARMACEUTICALS & BIOTECHNOLOGY,BIOTECHNOLOGY,2720.70,741.60,0.21,389.30,247.70,238.50,41.60,125.60,45292.00,498.40,45326.00
Birla Corporation Ltd.,BIRLACORPN,500335,CEMENT AND CONSTRUCTION,CEMENT & CEMENT PRODUCTS,1997.00,288.90,0.13,143.50,95.40,77.10,45522.00,58.40,45450.00,153.10,45554.00
Blue Dart Express Ltd.,BLUEDART,526612,TRANSPORTATION,TRANSPORTATION - LOGISTICS,1101.80,222.70,0.17,110.60,45431.00,97.90,45528.00,73.10,45534.00,292.40,123.20
Blue Star Ltd.,BLUESTARCO,500067,CONSUMER DURABLES,CONSUMER ELECTRONICS,1767.70,122.70,0.06,23.00,45460.00,95.00,45375.00,70.70,45446.00,437.70,45372.00
Bombay Burmah Trading Corporation Ltd.,BBTC,501425,FOOD BEVERAGES & TOBACCO,TEA & COFFEE,3664.70,859.20,0.19,74.70,154.60,697.10,212.60,122.00,45429.00,-1499.50,-214.80
Bosch Ltd.,BOSCHLTD,500530,AUTOMOBILES & AUTO COMPONENTS,AUTO PARTS & EQUIPMENT,3638.80,491.30,0.12,101.30,45334.00,1317.00,318.10,999.80,339.00,2126.90,721.00
Brigade Enterprises Ltd.,BRIGADE,532929,REALTY,REALTY,1041.80,324.80,0.24,75.70,110.00,180.30,67.80,133.50,45509.00,298.20,45547.00
Britannia Industries Ltd.,BRITANNIA,500825,FMCG,PACKAGED FOODS,3560.50,872.40,0.20,71.70,53.40,799.70,212.10,587.60,45406.00,2536.20,105.30
CCL Products India Ltd.,CCL,519600,FOOD BEVERAGES & TOBACCO,TEA & COFFEE,497.70,109.90,0.18,45465.00,45400.00,69.70,45512.00,60.90,45447.00,279.90,21.00
Crisil Ltd.,CRISIL,500092,BANKING AND FINANCE,OTHER FINANCIAL SERVICES,544.20,191.70,0.26,45438.00,0.80,200.30,48.30,152.00,45524.00,606.30,82.90
Zydus Lifesciences Ltd.,ZYDUSLIFE,532321,PHARMACEUTICALS & BIOTECHNOLOGY,PHARMACEUTICALS,3222.70,1146.10,0.26,184.20,45481.00,1007.20,226.40,800.70,45542.00,2807.10,45500.00
Can Fin Homes Ltd.,CANFINHOME,511196,BANKING AND FINANCE,HOUSING FINANCE,49.70,749.20,0.86,45506.00,548.40,198.00,39.90,158.10,45546.00,658.80,49.50
Canara Bank,CANBK,532483,BANKING AND FINANCE,BANKS,8250.30,7706.60,0.28,0.00,17934.30,5098.00,1420.60,386.00,45555.00,13968.40,77.00
Carborundum Universal Ltd.,CARBORUNIV,513375,GENERAL INDUSTRIALS,OTHER INDUSTRIAL PRODUCTS,978.80,167.50,0.15,45.90,45539.00,136.40,43.70,101.90,45387.00,461.30,45375.00
Castrol India Ltd.,CASTROLIND,500870,OIL & GAS,OIL MARKETING & DISTRIBUTION,914.40,268.60,0.23,45557.00,45384.00,263.50,69.10,194.40,2.00,815.50,45330.00
Ceat Ltd.,CEATLTD,500878,AUTOMOBILES & AUTO COMPONENTS,AUTO TYRES & RUBBER PRODUCTS,2597.20,456.10,0.15,124.50,71.70,270.40,68.30,208.00,51.40,521.70,129.00
Central Bank of India,CENTRALBK,532885,BANKING AND FINANCE,BANKS,2565.40,1535.40,0.21,0.00,4337.70,567.20,-41.50,622.00,0.70,2181.40,45414.00
Century Plyboards (India) Ltd.,CENTURYPLY,532548,FOREST MATERIALS,FOREST PRODUCTS,852.50,144.30,0.14,45405.00,45297.00,129.40,32.20,96.90,45386.00,380.70,45308.00
Cera Sanitaryware Ltd.,CERA,532443,DIVERSIFIED CONSUMER SERVICES,FURNITURE-FURNISHING-PAINTS,387.20,76.50,0.16,45543.00,45383.00,77.20,45523.00,56.90,43.80,232.40,178.70
Chambal Fertilisers & Chemicals Ltd.,CHAMBLFERT,500085,FERTILIZERS,FERTILIZERS,4770.50,615.00,0.11,78.40,45.80,572.60,200.20,381.00,45331.00,1137.70,45378.00
Cholamandalam Investment & Finance Company Ltd.,CHOLAFIN,511243,BANKING AND FINANCE,FINANCE (INCLUDING NBFCS),987.60,3235.10,0.70,38.50,2204.20,1065.00,288.80,772.90,45391.00,3022.80,36.70
Cipla Ltd.,CIPLA,500087,PHARMACEUTICALS & BIOTECHNOLOGY,PHARMACEUTICALS,4944.40,1733.80,0.26,290.00,45529.00,1594.20,438.40,1130.90,14.00,3449.10,42.70
City Union Bank Ltd.,CUB,532210,BANKING AND FINANCE,BANKS,333.90,386.60,0.30,0.00,765.60,330.60,50.00,280.60,45507.00,943.80,45485.00
Coal India Ltd.,COALINDIA,533278,METALS & MINING,COAL,24639.40,8137.00,0.25,1178.20,182.50,8760.20,2036.50,6799.80,11.00,28059.60,45.50
Colgate-Palmolive (India) Ltd.,COLPAL,500830,FMCG,PERSONAL PRODUCTS,989.00,482.10,0.33,44.30,45292.00,457.80,117.80,340.10,45424.00,1173.20,43.10
Container Corporation of India Ltd.,CONCOR,531344,COMMERCIAL SERVICES & SUPPLIES,WAREHOUSING AND LOGISTICS,1648.40,546.50,0.25,153.10,45428.00,481.80,119.00,367.40,6.00,1186.20,45431.00
Coromandel International Ltd.,COROMANDEL,506395,FERTILIZERS,FERTILIZERS,5929.40,1058.70,0.15,54.00,46.20,1003.30,245.00,756.90,45498.00,2024.20,68.80
Crompton Greaves Consumer Electricals Ltd.,CROMPTON,539876,CONSUMER DURABLES,HOUSEHOLD APPLIANCES,1607.80,174.50,0.10,32.10,45433.00,135.80,34.90,97.20,45413.00,432.00,45479.00
Cummins India Ltd.,CUMMINSIND,500480,GENERAL INDUSTRIALS,INDUSTRIAL MACHINERY,1575.40,346.20,0.18,38.30,45510.00,390.90,99.60,329.10,45546.00,1445.50,52.10
Cyient Ltd.,CYIENT,532175,SOFTWARE & SERVICES,IT CONSULTING & SOFTWARE,1452.70,325.80,0.18,65.80,27.00,240.30,56.70,178.30,45367.00,665.60,60.10
DCM Shriram Ltd.,DCMSHRIRAM,523367,CHEMICALS & PETROCHEMICALS,SPECIALTY CHEMICALS,2593.90,114.10,0.04,74.00,45487.00,47.50,45337.00,32.20,45293.00,617.60,39.40
DLF Ltd.,DLF,532868,REALTY,REALTY,885.30,462.40,0.34,37.00,90.20,464.00,112.20,622.80,45414.00,2239.00,9.00
Dabur India Ltd.,DABUR,500096,FMCG,PERSONAL PRODUCTS,2543.00,660.90,0.21,98.30,45319.00,650.80,144.30,515.00,45537.00,1755.70,45544.00
Delta Corp Ltd.,DELTACORP,532848,COMMERCIAL SERVICES & SUPPLIES,MISC. COMMERCIAL SERVICES,170.50,100.10,0.37,45551.00,45475.00,92.40,23.00,69.40,45445.00,273.30,45332.00
Divi's Laboratories Ltd.,DIVISLAB,532488,PHARMACEUTICALS & BIOTECHNOLOGY,PHARMACEUTICALS,143.00,479.00,0.25,95.00,1.00,469.00,121.00,348.00,45304.00,1331.80,50.30
Dr. Lal Pathlabs Ltd.,LALPATHLAB,539524,DIVERSIFIED CONSUMER SERVICES,HEALTHCARE SERVICES,423.50,177.80,0.30,35.90,45511.00,152.20,41.50,109.30,45335.00,301.40,36.10
Dr. Reddy's Laboratories Ltd.,DRREDDY,500124,PHARMACEUTICALS & BIOTECHNOLOGY,PHARMACEUTICALS,4888.80,2008.30,0.29,375.50,35.30,1912.50,434.50,1482.20,89.10,5091.20,305.20
EID Parry (India) Ltd.,EIDPARRY,500125,FOOD BEVERAGES & TOBACCO,OTHER FOOD PRODUCTS,8002.00,1057.50,0.12,101.20,74.20,1032.80,246.80,452.30,45437.00,991.00,55.80
Eicher Motors Ltd.,EICHERMOT,505200,AUTOMOBILES & AUTO COMPONENTS,2/3 WHEELERS,3027.40,1087.20,0.26,142.50,45485.00,1205.70,291.10,1016.20,37.10,3581.00,130.80
Emami Ltd.,EMAMILTD,531162,FMCG,PERSONAL PRODUCTS,631.20,233.70,0.27,46.10,45324.00,196.40,45519.00,178.50,45295.00,697.80,16.00
Endurance Technologies Ltd.,ENDURANCE,540153,AUTOMOBILES & AUTO COMPONENTS,AUTO PARTS & EQUIPMENT,2226.70,318.30,0.13,118.40,45513.00,205.60,51.10,154.60,11.00,562.80,40.00
Engineers India Ltd.,ENGINERSIN,532178,COMMERCIAL SERVICES & SUPPLIES,CONSULTING SERVICES,691.30,98.50,0.12,45359.00,0.40,133.60,32.20,127.50,45353.00,472.70,45390.00
Escorts Kubota Ltd.,ESCORTS,500495,AUTOMOBILES & AUTO COMPONENTS,COMMERCIAL VEHICLES,1798.60,260.70,0.13,40.80,45294.00,311.90,79.70,223.30,45463.00,910.50,82.40
Exide Industries Ltd.,EXIDEIND,500086,AUTOMOBILES & AUTO COMPONENTS,AUTO PARTS & EQUIPMENT,3872.40,499.10,0.11,141.50,45502.00,365.30,95.20,269.40,45325.00,872.70,45361.00
Federal Bank Ltd.,FEDERALBNK,500469,BANKING AND FINANCE,BANKS,1603.80,1400.30,0.24,0.00,3544.10,1342.70,342.60,994.10,45355.00,3671.40,45458.00
Finolex Cables Ltd.,FINCABLES,500144,CONSUMER DURABLES,OTHER ELECTRICAL EQUIPMENT/PRODUCTS,1041.30,146.10,0.12,45514.00,0.40,176.70,52.30,154.20,45301.00,643.90,42.10
Finolex Industries Ltd.,FINPIPE,500940,GENERAL INDUSTRIALS,PLASTIC PRODUCTS,780.20,103.00,0.12,45409.00,45424.00,124.50,35.40,98.00,45444.00,459.30,45389.00
Firstsource Solutions Ltd.,FSL,532809,SOFTWARE & SERVICES,BPO/KPO,1311.20,228.80,0.15,65.40,45317.00,154.30,45531.00,126.50,45536.00,551.70,45542.00
GAIL (India) Ltd.,GAIL,532155,UTILITIES,UTILITIES,29405.50,3580.20,0.11,837.30,199.60,2748.70,696.30,2444.10,45476.00,5283.80,8.00
GlaxoSmithKline Pharmaceuticals Ltd.,GLAXO,500660,PHARMACEUTICALS & BIOTECHNOLOGY,PHARMACEUTICALS,667.50,289.50,0.30,45309.00,0.40,299.20,81.70,217.50,45516.00,647.80,38.20
Glenmark Pharmaceuticals Ltd.,GLENMARK,532296,PHARMACEUTICALS & BIOTECHNOLOGY,PHARMACEUTICALS,2745.10,462.30,0.14,141.50,121.50,-124.40,55.90,-81.90,-2.90,-196.30,-7.00
Godrej Consumer Products Ltd.,GODREJCP,532424,FMCG,PERSONAL PRODUCTS,2897.80,704.20,0.20,60.90,77.30,619.40,186.60,432.80,45326.00,1750.10,45308.00
Godrej Industries Ltd.,GODREJIND,500164,DIVERSIFIED,DIVERSIFIED,3672.10,265.50,0.07,89.30,333.10,162.40,75.90,87.30,45445.00,880.00,45317.00
Godrej Properties Ltd.,GODREJPROP,533150,REALTY,REALTY,404.70,-61.70,-0.18,45389.00,48.00,145.10,38.80,66.80,45384.00,662.60,45527.00
Granules India Ltd.,GRANULES,532482,PHARMACEUTICALS & BIOTECHNOLOGY,PHARMACEUTICALS,976.50,213.00,0.18,52.50,26.00,136.00,33.90,102.10,45326.00,393.90,45367.00
Great Eastern Shipping Company Ltd.,GESHIP,500620,TRANSPORTATION,SHIPPING,585.60,643.40,0.52,186.70,77.10,611.90,45368.00,594.70,41.60,2520.10,176.50
Gujarat Alkalies & Chemicals Ltd.,GUJALKALI,530001,CHEMICALS & PETROCHEMICALS,COMMODITY CHEMICALS,926.10,45.20,0.05,95.20,45514.00,45332.00,-0.10,-18.40,-2.50,82.70,45362.00
Gujarat Gas Ltd.,GUJGASLTD,539336,UTILITIES,UTILITIES,3494.50,496.60,0.12,117.90,45511.00,399.10,102.90,296.20,45355.00,1254.30,45340.00
Gujarat Narmada Valley Fertilizers & Chemicals Ltd.,GNFC,500670,FERTILIZERS,FERTILIZERS,1911.00,169.00,0.08,78.00,1.00,242.00,64.00,182.00,45484.00,932.00,60.10
Gujarat Pipavav Port Ltd.,GPPL,533248,TRANSPORTATION,MARINE PORT & SERVICES,102.00,150.60,0.60,45532.00,45324.00,141.10,53.40,92.30,45536.00,341.80,45298.00
Gujarat State Fertilizer & Chemicals Ltd.,GSFC,500690,FERTILIZERS,FERTILIZERS,2881.40,237.30,0.08,45.70,45444.00,387.00,78.10,308.90,45511.00,1056.20,45438.00
Gujarat State Petronet Ltd.,GSPL,532702,UTILITIES,UTILITIES,3497.20,913.70,0.21,165.00,45426.00,779.20,198.70,454.60,45299.00,1522.00,27.00
HCL Technologies Ltd.,HCLTECH,532281,SOFTWARE & SERVICES,IT CONSULTING & SOFTWARE,20743.00,5929.00,0.22,101.00,156.00,5128.00,1295.00,3832.00,45336.00,15445.00,56.90
HDFC Bank Ltd.,HDFCBANK,500180,BANKING AND FINANCE,BANKS,42037.60,24279.10,0.32,0.00,41249.90,20967.40,3655.00,16811.40,45344.00,54474.60,71.80
Havells India Ltd.,HAVELLS,517354,CONSUMER DURABLES,OTHER ELECTRICAL EQUIPMENT/PRODUCTS,3527.00,373.40,0.10,81.20,45360.00,335.30,86.20,249.10,4.00,1177.70,45522.00
Hero MotoCorp Ltd.,HEROMOTOCO,500182,AUTOMOBILES & AUTO COMPONENTS,2/3 WHEELERS,8173.50,1359.50,0.14,187.10,25.00,1355.60,353.10,1006.30,50.30,3247.60,162.50
HFCL Ltd.,HFCL,500183,TELECOMMUNICATIONS EQUIPMENT,TELECOM CABLES,978.90,132.60,0.12,45403.00,34.80,93.50,24.00,69.40,0.50,305.50,45293.00
Hindalco Industries Ltd.,HINDALCO,500440,METALS & MINING,ALUMINIUM AND ALUMINIUM PRODUCTS,48557.00,5612.00,0.10,1843.00,1034.00,3231.00,1035.00,2196.00,45544.00,8423.00,37.90
Hindustan Copper Ltd.,HINDCOPPER,513599,METALS & MINING,COPPER,260.20,121.20,0.32,45.60,45295.00,82.60,45556.00,60.70,0.60,320.50,45354.00
Hindustan Petroleum Corporation Ltd.,HINDPETRO,500104,OIL & GAS,REFINERIES/PETRO-PRODUCTS,87512.00,824.00,0.09,1247.30,590.00,6744.10,1616.00,5827.00,41.10,16645.00,117.30
Hindustan Unilever Ltd.,HINDUNILVR,500696,FMCG,PERSONAL PRODUCTS,11826.00,3797.00,0.24,297.00,88.00,359.00,931.00,2656.00,45362.00,10284.00,43.80
Hindustan Zinc Ltd.,HINDZINC,500188,METALS & MINING,ZINC,3652.00,3139.00,0.46,825.00,232.00,2305.00,576.00,1729.00,45295.00,8432.00,20.00
Housing and Urban Development Corporation Ltd.,HUDCO,540530,BANKING AND FINANCE,HOUSING FINANCE,82.70,1809.60,0.97,45384.00,1216.80,606.40,154.70,451.60,45353.00,1790.70,45543.00
ITC Ltd.,ITC,500875,FOOD BEVERAGES & TOBACCO,CIGARETTES-TOBACCO PRODUCTS,11320.20,6454.20,0.36,453.00,45544.00,6656.20,1700.30,4898.10,45538.00,20185.10,45338.00
ICICI Bank Ltd.,ICICIBANK,532174,BANKING AND FINANCE,BANKS,23911.00,15473.20,0.40,0.00,17908.00,14824.20,3808.80,11805.60,45458.00,41086.80,58.70
ICICI Prudential Life Insurance Company Ltd.,ICICIPRULI,540133,BANKING AND FINANCE,LIFE INSURANCE,17612.30,-229.60,-0.01,0.00,0.00,340.20,32.50,243.90,45474.00,906.90,45357.00
IDBI Bank Ltd.,IDBI,500116,BANKING AND FINANCE,BANKS,1922.30,2175.30,0.36,0.00,2966.10,2396.90,1003.70,1385.40,45352.00,4776.30,45386.00
IDFC First Bank Ltd.,IDFCFIRSTB,539437,BANKING AND FINANCE,BANKS,3849.00,1511.20,0.21,0.00,3405.60,982.80,236.00,746.90,45292.00,2911.10,45355.00
IDFC Ltd.,IDFC,532659,BANKING AND FINANCE,FINANCE (INCLUDING NBFCS),6.00,45473.00,0.84,0.00,0.00,45473.00,45449.00,223.50,45383.00,4147.10,45560.00
IRB Infrastructure Developers Ltd.,IRB,532947,CEMENT AND CONSTRUCTION,ROADS & HIGHWAYS,950.40,794.60,0.46,232.70,434.60,256.90,85.80,95.70,0.20,501.00,0.80
ITI Ltd.,ITI,523610,TELECOMMUNICATIONS EQUIPMENT,TELECOM EQUIPMENT,299.30,-52.80,-0.21,45364.00,69.30,-125.80,0.00,-126.00,-1.30,-388.40,-4.00
Vodafone Idea Ltd.,IDEA,532822,TELECOM SERVICES,TELECOM SERVICES,6433.50,4282.80,0.40,5667.30,6569.00,-7919.00,817.70,-8737.90,-1.80,-30986.80,-6.40
India Cements Ltd.,INDIACEM,530005,CEMENT AND CONSTRUCTION,CEMENT & CEMENT PRODUCTS,126.00,45386.00,0.00,55.00,60.40,-103.00,-17.40,-80.10,-2.60,-261.10,-8.40
Indiabulls Housing Finance Ltd.,IBULHSGFIN,535789,BANKING AND FINANCE,HOUSING FINANCE,190.60,1779.20,0.80,45557.00,1349.80,421.60,123.60,298.00,45418.00,1146.00,45375.00
Indian Bank,INDIANB,532814,BANKING AND FINANCE,BANKS,3599.10,4327.70,0.31,0.00,8002.60,2776.70,768.60,2068.50,45459.00,6893.30,55.30
Indian Hotels Company Ltd.,INDHOTEL,500850,HOTELS RESTAURANTS & TOURISM,HOTELS,1078.40,354.80,0.25,111.20,59.00,232.20,72.30,166.90,45323.00,1100.30,45480.00
Indian Oil Corporation Ltd.,IOC,530965,OIL & GAS,OIL MARKETING & DISTRIBUTION,156013.10,23328.40,0.13,3609.60,2135.00,18090.20,4699.70,13114.30,45421.00,38614.30,45378.00
Indian Overseas Bank,IOB,532388,BANKING AND FINANCE,BANKS,1785.10,1679.80,0.29,0.00,3476.60,635.50,45359.00,627.20,0.30,2341.90,45323.00
Indraprastha Gas Ltd.,IGL,532514,UTILITIES,UTILITIES,2801.60,656.90,0.19,102.20,45414.00,613.90,151.40,552.70,45542.00,1806.20,45529.00
IndusInd Bank Ltd.,INDUSINDBK,532187,BANKING AND FINANCE,BANKS,3449.90,3908.70,0.35,0.00,6171.10,2934.90,732.90,2202.20,45410.00,8333.70,107.20
Info Edge (India) Ltd.,NAUKRI,532777,SOFTWARE & SERVICES,INTERNET SOFTWARE & SERVICES,421.20,204.70,0.33,45560.00,45330.00,382.80,68.70,205.10,45550.00,-25.60,-2.00
InterGlobe Aviation Ltd.,INDIGO,539448,TRANSPORTATION,AIRLINES,12743.60,2200.30,0.15,1549.00,1021.30,189.10,0.20,188.90,45539.00,5621.30,145.70
Ipca Laboratories Ltd.,IPCALAB,524494,PHARMACEUTICALS & BIOTECHNOLOGY,PHARMACEUTICALS,1712.70,321.30,0.16,90.30,44.10,225.40,87.90,145.10,45478.00,492.20,45401.00
J B Chemicals & Pharmaceuticals Ltd.,JBCHEPHARM,506943,PHARMACEUTICALS & BIOTECHNOLOGY,PHARMACEUTICALS,638.20,243.50,0.28,32.20,45392.00,208.70,58.10,150.60,45482.00,486.60,31.40
JK Cement Ltd.,JKCEMENT,532644,CEMENT AND CONSTRUCTION,CEMENT & CEMENT PRODUCTS,2285.80,467.00,0.17,137.10,115.00,244.20,65.70,178.10,45314.00,444.00,57.50
JK Lakshmi Cement Ltd.,JKLAKSHMI,500380,CEMENT AND CONSTRUCTION,CEMENT & CEMENT PRODUCTS,1357.30,217.30,0.14,56.60,33.60,141.00,45.10,92.70,45542.00,357.60,45412.00
JM Financial Ltd.,JMFINANCIL,523405,DIVERSIFIED,HOLDING COMPANIES,407.90,662.60,0.55,45335.00,388.10,277.90,72.40,194.90,2.00,608.10,45388.00
JSW Energy Ltd.,JSWENERGY,533148,UTILITIES,ELECTRIC UTILITIES,1379.00,1880.40,0.58,408.70,513.70,1085.90,235.10,850.20,45327.00,1591.70,45482.00
JSW Steel Ltd.,JSWSTEEL,500228,METALS & MINING,IRON & STEEL/INTERM.PRODUCTS,36698.00,7886.00,0.18,2019.00,2084.00,4609.00,1812.00,276.00,45393.00,9252.00,38.10
Jindal Stainless Ltd.,JSL,532508,METALS & MINING,IRON & STEEL/INTERM.PRODUCTS,8566.50,1230.60,0.13,221.90,155.60,985.70,229.10,774.30,45391.00,2600.20,31.60
Jindal Steel & Power Ltd.,JINDALSTEL,532286,METALS & MINING,IRON & STEEL/INTERM.PRODUCTS,9964.50,2285.70,0.19,603.70,329.40,1384.50,-5.80,1387.80,45517.00,4056.00,40.40
Jubilant Foodworks Ltd.,JUBLFOOD,533155,HOTELS RESTAURANTS & TOURISM,RESTAURANTS,1091.40,277.20,0.20,141.90,56.80,85.50,45374.00,97.20,45413.00,235.00,45446.00
Just Dial Ltd.,JUSTDIAL,535648,SOFTWARE & SERVICES,INTERNET SOFTWARE & SERVICES,211.80,48.80,0.19,45334.00,45384.00,92.10,45371.00,71.80,45390.00,314.10,36.90
Jyothy Labs Ltd.,JYOTHYLAB,532926,FMCG,PERSONAL PRODUCTS,597.00,135.40,0.18,45363.00,45323.00,135.10,45322.00,104.20,45506.00,326.90,45543.00
KRBL Ltd.,KRBL,530813,FMCG,PACKAGED FOODS,1018.90,194.50,0.16,45554.00,0.80,206.80,53.60,153.30,45418.00,671.40,45380.00
Kajaria Ceramics Ltd.,KAJARIACER,500233,DIVERSIFIED CONSUMER SERVICES,FURNITURE-FURNISHING-PAINTS,941.90,179.70,0.16,36.10,45355.00,147.70,36.60,108.00,45510.00,397.80,25.00
Kalpataru Projects International Ltd.,KPIL,522287,UTILITIES,ELECTRIC UTILITIES,4148.00,370.00,0.08,113.00,137.00,132.00,42.00,89.00,45417.00,478.00,45564.00
Kansai Nerolac Paints Ltd.,KANSAINER,500165,DIVERSIFIED CONSUMER SERVICES,FURNITURE-FURNISHING-PAINTS,1683.30,273.20,0.14,47.40,45450.00,240.30,64.80,177.20,45324.00,1118.80,45517.00
Karur Vysya Bank Ltd.,KARURVYSYA,590003,BANKING AND FINANCE,BANKS,616.40,637.90,0.32,0.00,1081.70,511.50,133.10,378.40,45477.00,1364.20,17.00
KEC International Ltd.,KEC,532714,GENERAL INDUSTRIALS,HEAVY ELECTRICAL EQUIPMENT,4224.70,274.30,0.06,46.50,177.80,65.80,45544.00,55.80,45324.00,187.90,45358.00
Kotak Mahindra Bank Ltd.,KOTAKBANK,500247,BANKING AND FINANCE,BANKS,9681.00,6343.00,0.46,0.00,5535.50,5888.30,1465.50,4461.00,45404.00,17172.70,86.40
L&T Finance Holdings Ltd.,L&TFH,533519,DIVERSIFIED,HOLDING COMPANIES,935.30,1882.40,0.59,45379.00,1324.90,797.40,203.20,595.10,45384.00,2080.80,45390.00
L&T Technology Services Ltd.,LTTS,540115,SOFTWARE & SERVICES,IT CONSULTING & SOFTWARE,1910.90,475.60,0.20,68.10,45455.00,436.10,120.20,315.40,45533.00,1239.70,117.50
LIC Housing Finance Ltd.,LICHSGFIN,500253,BANKING AND FINANCE,HOUSING FINANCE,250.60,6095.70,0.90,45335.00,4599.90,1483.00,291.20,1193.50,45494.00,4164.50,75.70
Lakshmi Machine Works Ltd.,LAXMIMACH,500252,GENERAL INDUSTRIALS,INDUSTRIAL MACHINERY,1184.50,136.00,0.10,45466.00,0.00,147.40,32.30,115.10,107.80,416.00,389.50
Laurus Labs Ltd.,LAURUSLABS,540222,PHARMACEUTICALS & BIOTECHNOLOGY,PHARMACEUTICALS,1036.60,187.90,0.15,93.40,42.40,53.90,45457.00,37.00,0.70,367.80,45510.00
Lupin Ltd.,LUPIN,500257,PHARMACEUTICALS & BIOTECHNOLOGY,PHARMACEUTICALS,4120.80,917.80,0.18,247.80,80.60,629.70,134.30,489.50,45514.00,1331.20,45351.00
MMTC Ltd.,MMTC,513377,COMMERCIAL SERVICES & SUPPLIES,COMMODITY TRADING  & DISTRIBUTION,-180.10,-30.40,0.14,0.80,45292.00,45303.00,45413.00,52.00,0.30,174.10,45323.00
MRF Ltd.,MRF,500290,AUTOMOBILES & AUTO COMPONENTS,AUTO TYRES & RUBBER PRODUCTS,5060.20,1156.90,0.19,351.50,85.50,790.60,203.90,586.70,1383.30,1690.90,3988.00
Mahanagar Gas Ltd.,MGL,539957,UTILITIES,UTILITIES,1250.10,478.90,0.28,65.80,45414.00,454.30,115.80,338.50,34.30,1147.80,116.20
Mahindra & Mahindra Financial Services Ltd.,M&MFIN,532720,BANKING AND FINANCE,FINANCE (INCLUDING NBFCS),1077.50,2109.30,0.55,67.10,1703.40,369.10,96.00,281.10,45353.00,1982.50,16.00
Mahindra & Mahindra Ltd.,M&M,500520,AUTOMOBILES & AUTO COMPONENTS,CARS & UTILITY VEHICLES,28705.90,5729.60,0.17,1138.60,1835.20,3347.50,1083.70,2347.80,45312.00,11169.40,100.20
Mahindra Holidays & Resorts India Ltd.,MHRIL,533088,HOTELS RESTAURANTS & TOURISM,HOTELS,519.30,136.00,0.21,83.80,33.30,35.80,14.00,45372.00,45292.00,66.00,45354.00
Manappuram Finance Ltd.,MANAPPURAM,531213,BANKING AND FINANCE,FINANCE (INCLUDING NBFCS),555.60,1481.30,0.69,62.50,689.40,746.70,186.10,558.40,45449.00,1859.80,22.00
Mangalore Refinery And Petrochemicals Ltd.,MRPL,500109,OIL & GAS,REFINERIES/PETRO-PRODUCTS,20705.60,2138.20,0.09,296.00,311.20,1592.00,546.20,1051.70,6.00,3784.90,45464.00
Marico Ltd.,MARICO,531642,FMCG,PERSONAL PRODUCTS,1979.00,497.00,0.20,39.00,20.00,476.00,116.00,353.00,45475.00,141.00,45545.00
Maruti Suzuki India Ltd.,MARUTI,532500,AUTOMOBILES & AUTO COMPONENTS,CARS & UTILITY VEHICLES,32282.50,4790.30,0.13,794.40,35.10,4790.10,1083.80,3764.30,124.60,11351.80,375.90
Max Financial Services Ltd.,MFSL,500271,BANKING AND FINANCE,LIFE INSURANCE,10024.60,143.90,0.01,0.80,45391.00,158.20,-12.10,147.90,45355.00,506.40,45487.00
UNO Minda Ltd.,UNOMINDA,532539,AUTOMOBILES & AUTO COMPONENTS,AUTO PARTS & EQUIPMENT,3219.80,401.60,0.11,125.40,45349.00,257.90,73.30,225.00,45538.00,742.40,13.00
Motilal Oswal Financial Services Ltd.,MOTILALOFS,532892,BANKING AND FINANCE,OTHER FINANCIAL SERVICES,724.10,904.50,0.55,45368.00,241.10,657.60,124.20,531.20,35.90,1449.30,97.80
MphasiS Ltd.,MPHASIS,526299,SOFTWARE & SERVICES,IT CONSULTING & SOFTWARE,2680.90,595.60,0.18,89.00,34.00,521.70,129.70,391.90,45524.00,1605.60,85.10
Muthoot Finance Ltd.,MUTHOOTFIN,533398,BANKING AND FINANCE,FINANCE (INCLUDING NBFCS),723.40,2801.60,0.78,45344.00,1335.00,1470.20,374.90,1059.60,45408.00,3982.90,99.20
Natco Pharma Ltd.,NATCOPHARM,524816,PHARMACEUTICALS & BIOTECHNOLOGY,PHARMACEUTICALS,573.40,458.00,0.44,43.60,45326.00,439.60,70.60,369.00,45463.00,1127.40,63.00
NBCC (India) Ltd.,NBCC,534309,CEMENT AND CONSTRUCTION,CONSTRUCTION & ENGINEERING,1957.70,95.50,0.05,45352.00,0.00,104.60,45557.00,79.60,0.40,332.20,45505.00
NCC Ltd.,NCC,500294,CEMENT AND CONSTRUCTION,CONSTRUCTION & ENGINEERING,4415.90,303.70,0.06,53.20,153.50,123.80,38.80,77.30,45323.00,599.40,45421.00
NHPC Ltd.,NHPC,533098,UTILITIES,ELECTRIC UTILITIES,1173.90,1757.40,0.60,294.90,104.80,1618.30,-75.00,1545.80,45413.00,3897.80,45538.00
Coforge Ltd.,COFORGE,532541,SOFTWARE & SERVICES,IT CONSULTING & SOFTWARE,1935.30,340.90,0.15,77.20,31.90,240.70,52.80,187.90,45472.00,696.20,113.20
NLC India Ltd.,NLCINDIA,513683,UTILITIES,ELECTRIC UTILITIES,2143.00,834.60,0.28,455.10,213.90,1700.60,614.70,1084.70,45511.00,1912.30,45517.00
NTPC Ltd.,NTPC,532555,UTILITIES,ELECTRIC UTILITIES,32303.20,12680.20,0.28,4037.70,2920.50,6342.90,2019.70,4614.60,45508.00,19125.20,45492.00
Narayana Hrudayalaya Ltd.,NH,539551,DIVERSIFIED CONSUMER SERVICES,HEALTHCARE FACILITIES,997.10,308.10,0.24,55.30,45557.00,248.40,45494.00,226.60,45333.00,737.50,36.10
National Aluminium Company Ltd.,NATIONALUM,532234,METALS & MINING,ALUMINIUM AND ALUMINIUM PRODUCTS,2646.90,396.50,0.13,186.20,4.00,275.00,68.70,187.30,1.00,1272.40,45541.00
Navin Fluorine International Ltd.,NAVINFLUOR,532504,CHEMICALS & PETROCHEMICALS,COMMODITY CHEMICALS,373.40,98.30,0.21,45346.00,20.00,77.20,45459.00,60.60,45334.00,365.00,73.70
Oberoi Realty Ltd.,OBEROIRLTY,533273,REALTY,REALTY,579.20,638.20,0.52,45362.00,56.50,596.80,142.10,456.80,45455.00,1961.30,53.90
Oil And Natural Gas Corporation Ltd.,ONGC,500312,OIL & GAS,EXPLORATION & PRODUCTION,118618.40,28255.30,0.19,6698.10,2603.30,21564.90,5633.60,13734.10,45545.00,43072.50,34.20
Oil India Ltd.,OIL,533106,OIL & GAS,EXPLORATION & PRODUCTION,5293.30,3523.20,0.40,499.00,278.90,762.00,67.60,420.70,45538.00,5874.50,54.20
Oracle Financial Services Software Ltd.,OFSS,532466,SOFTWARE & SERVICES,IT CONSULTING & SOFTWARE,886.40,558.10,0.39,19.00,8.00,596.20,178.80,417.40,48.20,1835.10,211.90
PI Industries Ltd.,PIIND,523642,CHEMICALS & PETROCHEMICALS,AGROCHEMICALS,1565.50,551.40,0.26,80.30,45511.00,510.20,45504.00,480.50,45504.00,1495.80,98.40
PNB Housing Finance Ltd.,PNBHOUSING,540173,BANKING AND FINANCE,HOUSING FINANCE,158.80,1574.10,0.89,45362.00,1057.30,507.10,124.10,383.00,45518.00,1278.70,49.30
PNC Infratech Ltd.,PNCINFRA,539150,CEMENT AND CONSTRUCTION,ROADS & HIGHWAYS,1511.60,399.80,0.21,40.90,161.30,218.60,70.70,147.90,45509.00,614.30,45558.00
PVR INOX Ltd.,PVRINOX,532689,RETAILING,SPECIALTY RETAIL,1293.10,706.80,0.35,308.60,200.30,221.70,55.50,166.30,17.00,-232.50,-23.70
Page Industries Ltd.,PAGEIND,532827,TEXTILES APPARELS & ACCESSORIES,OTHER APPARELS & ACCESSORIES,891.60,233.50,0.21,45467.00,45333.00,199.40,49.10,150.30,134.70,510.70,457.90
Persistent Systems Ltd.,PERSISTENT,533179,SOFTWARE & SERVICES,IT CONSULTING & SOFTWARE,2006.50,405.20,0.17,74.40,45363.00,355.80,92.50,263.30,35.00,981.50,127.60
Petronet LNG Ltd.,PETRONET,532522,OIL & GAS,OIL MARKETING & DISTRIBUTION,11317.90,1214.70,0.10,194.80,74.70,1098.80,283.90,855.70,45478.00,3490.30,45374.00
Pfizer Ltd.,PFIZER,500680,PHARMACEUTICALS & BIOTECHNOLOGY,PHARMACEUTICALS,392.60,182.60,0.32,45397.00,45475.00,200.50,51.60,149.00,32.60,522.80,114.30
Phoenix Mills Ltd.,PHOENIXLTD,503100,REALTY,REALTY,361.20,506.00,0.58,65.90,96.50,375.20,71.40,252.60,45336.00,923.60,51.70
Pidilite Industries Ltd.,PIDILITIND,500331,CHEMICALS & PETROCHEMICALS,SPECIALTY CHEMICALS,2396.30,679.70,0.22,75.20,45304.00,623.00,163.10,450.10,45512.00,1505.50,45472.00
Power Finance Corporation Ltd.,PFC,532810,BANKING AND FINANCE,FINANCE (INCLUDING NBFCS),315.40,22941.90,1.02,45485.00,14313.10,8628.80,2000.60,4833.10,45487.00,17946.40,54.40
Power Grid Corporation of India Ltd.,POWERGRID,532898,UTILITIES,ELECTRIC UTILITIES,1358.70,9908.40,0.88,3277.00,2341.30,4393.40,573.70,3781.40,45295.00,15344.40,45428.00
Prestige Estates Projects Ltd.,PRESTIGE,ASM,REALTY,REALTY,1643.90,592.50,0.26,174.10,263.90,1174.10,256.40,850.90,45343.00,1714.00,42.80
Prism Johnson Ltd.,PRSMJOHNSN,500338,CEMENT AND CONSTRUCTION,CEMENT & CEMENT PRODUCTS,1745.40,92.40,0.05,95.20,43.50,210.00,45412.00,182.70,45446.00,154.20,45294.00
Procter & Gamble Hygiene & Healthcare Ltd.,PGHH,500459,FMCG,PERSONAL PRODUCTS,853.50,284.90,0.25,45365.00,45536.00,284.50,73.80,210.70,64.90,734.40,226.30
Punjab National Bank,PNB,532461,BANKING AND FINANCE,BANKS,6798.10,6239.10,0.23,0.00,16819.80,2778.30,1013.80,1990.20,45505.00,5904.80,45387.00
Quess Corp Ltd.,QUESS,539978,SOFTWARE & SERVICES,BPO/KPO,4584.80,163.60,0.03,69.70,45319.00,79.30,45359.00,71.90,45508.00,240.90,45338.00
RBL Bank Ltd.,RBLBANK,540065,BANKING AND FINANCE,BANKS,1422.60,765.40,0.25,0.00,1532.60,125.00,-206.10,331.10,45417.00,1173.90,45431.00
Radico Khaitan Ltd.,RADICO,532497,FOOD BEVERAGES & TOBACCO,BREWERIES & DISTILLERIES,803.80,121.20,0.13,45317.00,45424.00,83.30,45403.00,64.80,45508.00,237.00,45490.00
Rain Industries Ltd.,RAIN,500339,CHEMICALS & PETROCHEMICALS,PETROCHEMICALS,3794.30,366.00,0.09,192.50,241.70,-19.50,46.20,-90.20,-2.70,270.40,8.00
Rajesh Exports Ltd.,RAJESHEXPO,531500,TEXTILES APPARELS & ACCESSORIES,GEMS & JEWELLERY,38015.80,50.10,0.00,45483.00,0.00,53.00,45480.00,45.30,45413.00,1142.20,38.70
Rallis India Ltd.,RALLIS,500355,CHEMICALS & PETROCHEMICALS,AGROCHEMICALS,699.00,133.00,0.16,26.00,3.00,110.00,28.00,82.00,45326.00,98.40,45327.00
Rashtriya Chemicals & Fertilizers Ltd.,RCF,524230,FERTILIZERS,FERTILIZERS,4049.30,105.90,0.03,56.10,44.00,72.80,45312.00,51.00,0.90,523.60,45421.00
Redington Ltd.,REDINGTON,532805,COMMERCIAL SERVICES & SUPPLIES,COMMODITY TRADING  & DISTRIBUTION,21738.70,481.40,0.02,43.70,105.80,408.30,96.70,303.50,45538.00,1242.00,45550.00
Relaxo Footwears Ltd.,RELAXO,530517,RETAILING,FOOTWEAR,623.80,91.50,0.13,36.90,45477.00,60.40,45338.00,44.20,45505.00,193.90,45511.00
Reliance Industries Ltd.,RELIANCE,500325,OIL & GAS,REFINERIES/PETRO-PRODUCTS,193988.00,40968.00,0.17,12585.00,5731.00,26493.00,6673.00,17394.00,45498.00,68496.00,101.20
REC Ltd.,RECLTD,532955,BANKING AND FINANCE,FINANCE (INCLUDING NBFCS),275.10,12180.50,1.04,45297.00,7349.80,4837.60,1047.70,3789.90,45396.00,12738.60,48.40
SJVN Ltd.,SJVN,533206,UTILITIES,ELECTRIC UTILITIES,172.20,706.20,0.80,101.90,124.20,567.70,129.20,439.60,45292.00,1016.00,45445.00
SKF India Ltd.,SKFINDIA,500472,GENERAL INDUSTRIALS,OTHER INDUSTRIAL GOODS,1003.70,121.50,0.11,45370.00,0.50,122.00,45504.00,90.00,45340.00,484.00,97.90
SRF Ltd.,SRF,503806,CHEMICALS & PETROCHEMICALS,SPECIALTY CHEMICALS,2551.20,626.20,0.20,161.20,79.30,414.80,114.00,300.80,45332.00,1733.40,58.50
Sanofi India Ltd.,SANOFI,500674,PHARMACEUTICALS & BIOTECHNOLOGY,PHARMACEUTICALS,506.10,208.50,0.29,45544.00,0.30,210.10,57.90,152.10,66.10,596.30,259.30
Schaeffler India Ltd.,SCHAEFFLER,505790,AUTOMOBILES & AUTO COMPONENTS,AUTO PARTS & EQUIPMENT,1506.30,342.00,0.19,55.60,45444.00,315.70,80.70,235.00,15.00,922.60,59.00
Shree Cements Ltd.,SHREECEM,500387,CEMENT AND CONSTRUCTION,CEMENT & CEMENT PRODUCTS,3914.10,886.00,0.18,411.70,67.00,539.20,92.60,446.60,123.80,1826.80,506.30
Shriram Finance Ltd.,SHRIRAMFIN,511218,BANKING AND FINANCE,FINANCE (INCLUDING NBFCS),1409.40,6334.30,0.71,141.40,3798.00,2404.20,614.90,1786.10,47.60,6575.40,175.20
Siemens Ltd.,SIEMENS,500550,GENERAL INDUSTRIALS,HEAVY ELECTRICAL EQUIPMENT,5107.50,700.20,0.12,78.60,45539.00,762.20,190.50,571.30,45307.00,1960.90,55.10
Sobha Ltd.,SOBHA,532784,REALTY,REALTY,665.80,75.40,0.10,45370.00,63.90,45497.00,45482.00,45549.00,45444.00,107.40,45362.00
Solar Industries India Ltd.,SOLARINDS,532725,GENERAL INDUSTRIALS,OTHER INDUSTRIAL PRODUCTS,1011.30,336.10,0.25,33.70,45559.00,285.30,75.50,200.10,45313.00,808.20,89.30
Sonata Software Ltd.,SONATSOFTW,532221,SOFTWARE & SERVICES,IT CONSULTING & SOFTWARE,1715.20,197.30,0.10,33.30,45493.00,166.50,42.30,124.20,9.00,475.70,34.30
State Bank of India,SBIN,500112,BANKING AND FINANCE,BANKS,58597.60,22703.30,0.21,0.00,62955.20,21935.70,5552.50,17196.20,18.00,69304.10,77.70
Steel Authority of India (SAIL) Ltd.,SAIL,500113,METALS & MINING,IRON & STEEL/INTERM.PRODUCTS,25836.70,3875.40,0.13,1326.60,605.20,1674.70,464.20,1305.60,45325.00,3219.50,45511.00
Sun Pharma Advanced Research Company Ltd.,SPARC,532872,PHARMACEUTICALS & BIOTECHNOLOGY,PHARMACEUTICALS,112.70,-91.50,-4.32,45325.00,0.30,-86.40,0.00,-86.40,-2.70,-253.60,-7.80
Sun Pharmaceutical Industries Ltd.,SUNPHARMA,524715,PHARMACEUTICALS & BIOTECHNOLOGY,PHARMACEUTICALS,9013.00,3179.40,0.26,632.80,49.30,2790.90,390.10,2375.50,45544.00,8548.50,35.60
Sun TV Network Ltd.,SUNTV,532733,MEDIA,BROADCASTING & CABLE TV,320.60,727.80,0.69,218.80,45474.00,619.10,154.40,464.70,45515.00,1861.80,47.20
Sundram Fasteners Ltd.,SUNDRMFAST,500403,AUTOMOBILES & AUTO COMPONENTS,AUTO PARTS & EQUIPMENT,1191.10,230.70,0.16,54.50,45389.00,176.20,43.10,131.90,45357.00,502.90,45558.00
Sunteck Realty Ltd.,SUNTECK,512179,REALTY,REALTY,39.10,-14.10,-0.57,45324.00,45519.00,-20.90,-6.40,-13.90,-1.00,-46.50,-3.30
Supreme Industries Ltd.,SUPREMEIND,509930,GENERAL INDUSTRIALS,PLASTIC PRODUCTS,1952.50,356.20,0.15,71.90,45444.00,295.40,76.30,243.20,45310.00,1028.20,80.90
Suzlon Energy Ltd.,SUZLON,ASM,GENERAL INDUSTRIALS,HEAVY ELECTRICAL EQUIPMENT,1196.40,225.00,0.16,51.20,43.70,102.40,0.10,102.30,0.10,561.40,0.40
Syngene International Ltd.,SYNGENE,539268,PHARMACEUTICALS & BIOTECHNOLOGY,PHARMACEUTICALS,656.00,254.10,0.28,104.60,13.00,150.70,34.20,116.50,45537.00,498.30,45394.00
TTK Prestige Ltd.,TTKPRESTIG,517506,CONSUMER DURABLES,HOUSEWARE,648.60,80.80,0.11,45550.00,45294.00,79.50,45432.00,59.30,45355.00,224.30,45338.00
TV18 Broadcast Ltd.,TV18BRDCST,532800,MEDIA,BROADCASTING & CABLE TV,1992.20,-198.10,-0.11,50.10,33.80,-87.10,-6.50,-28.90,-0.20,92.20,0.50
TVS Motor Company Ltd.,TVSMOTOR,532343,AUTOMOBILES & AUTO COMPONENTS,2/3 WHEELERS,8576.90,1355.90,0.14,237.10,483.30,686.40,259.80,386.30,45299.00,1457.60,45503.00
Tata Consultancy Services Ltd.,TCS,532540,SOFTWARE & SERVICES,IT CONSULTING & SOFTWARE,43946.00,15746.00,0.26,1263.00,159.00,1533.00,395.00,11342.00,31.00,44654.00,122.00
Tata Elxsi Ltd.,TATAELXSI,500408,SOFTWARE & SERVICES,IT CONSULTING & SOFTWARE,618.20,263.50,0.30,25.00,45509.00,263.90,63.80,200.00,32.10,785.10,126.10
Tata Consumer Products Ltd.,TATACONSUM,500800,FMCG,PACKAGED FOODS,3196.70,537.10,0.14,93.90,45470.00,490.90,131.70,338.20,45446.00,1275.20,45486.00
Tata Motors Limited (DVR),TATAMTRDVR,570001,AUTOMOBILES & AUTO COMPONENTS,COMMERCIAL VEHICLES,,,,,,,,,,,
Tata Motors Ltd.,TATAMOTORS,500570,AUTOMOBILES & AUTO COMPONENTS,COMMERCIAL VEHICLES,91361.30,13766.90,0.13,6636.40,2651.70,5985.90,2202.80,3764.00,45513.00,15332.30,40.00
Tata Power Company Ltd.,TATAPOWER,500400,UTILITIES,ELECTRIC UTILITIES,12647.00,3091.00,0.20,925.90,1181.80,979.20,213.30,875.50,45475.00,3570.80,45333.00
Tata Steel Ltd.,TATASTEEL,500470,METALS & MINING,IRON & STEEL/INTERM.PRODUCTS,51414.10,4267.80,0.08,2479.80,1959.40,-6842.10,-228.00,-6196.20,-5.10,-6081.30,-5.00
Tech Mahindra Ltd.,TECHM,532755,SOFTWARE & SERVICES,IT CONSULTING & SOFTWARE,11941.10,922.80,0.07,465.70,97.50,623.80,110.00,493.90,45448.00,3600.70,40.90
The Ramco Cements Ltd.,RAMCOCEM,500260,CEMENT AND CONSTRUCTION,CEMENT & CEMENT PRODUCTS,1935.00,405.60,0.17,162.80,116.50,137.80,37.00,72.00,45294.00,348.90,45518.00
Thermax Ltd.,THERMAX,500411,GENERAL INDUSTRIALS,HEAVY ELECTRICAL EQUIPMENT,2097.80,204.60,0.09,33.00,45523.00,217.70,58.90,157.70,14.00,498.80,44.30
Timken India Ltd.,TIMKEN,522113,GENERAL INDUSTRIALS,OTHER INDUSTRIAL PRODUCTS,546.50,135.50,0.20,45312.00,0.90,123.60,45473.00,93.00,45394.00,358.30,47.60
Titan Company Ltd.,TITAN,500114,TEXTILES APPARELS & ACCESSORIES,GEMS & JEWELLERY,11118.00,1411.00,0.11,144.00,140.00,1251.00,336.00,915.00,45361.00,3302.00,37.10
Torrent Pharmaceuticals Ltd.,TORNTPHARM,500420,PHARMACEUTICALS & BIOTECHNOLOGY,PHARMACEUTICALS,1835.00,825.00,0.31,201.00,91.00,559.00,173.00,386.00,45393.00,1334.00,39.40
Torrent Power Ltd.,TORNTPOWER,532779,UTILITIES,ELECTRIC UTILITIES,5739.50,1221.40,0.18,341.70,247.20,740.70,198.10,525.90,45545.00,2176.80,45.30
Trent Ltd.,TRENT,500251,RETAILING,DEPARTMENT STORES,2525.80,456.60,0.15,152.20,95.50,288.90,86.30,234.70,45449.00,629.40,45490.00
Trident Ltd.,TRIDENT,521064,TEXTILES APPARELS & ACCESSORIES,TEXTILES,1557.30,240.30,0.13,89.40,35.00,130.40,40.10,90.70,0.20,458.10,0.90
UPL Ltd.,UPL,512070,CHEMICALS & PETROCHEMICALS,AGROCHEMICALS,8807.00,1325.00,0.13,657.00,871.00,-185.00,-96.00,-189.00,-2.50,1856.00,45497.00
UltraTech Cement Ltd.,ULTRACEMCO,532538,CEMENT AND CONSTRUCTION,CEMENT & CEMENT PRODUCTS,13461.20,2550.90,0.16,797.80,233.90,1686.20,409.40,1281.50,44.50,5694.10,197.20
Union Bank of India,UNIONBANK,532477,BANKING AND FINANCE,BANKS,6189.30,7265.00,0.29,0.00,15498.20,5492.30,1944.00,3571.80,45296.00,11918.90,45307.00
United Breweries Ltd.,UBL,532478,FOOD BEVERAGES & TOBACCO,BREWERIES & DISTILLERIES,1705.80,184.30,0.10,50.90,45383.00,144.00,36.90,107.30,45295.00,251.30,45421.00
United Spirits Ltd.,MCDOWELL-N,532432,FOOD BEVERAGES & TOBACCO,BREWERIES & DISTILLERIES,6269.80,466.70,0.07,65.30,45348.00,446.00,106.30,339.30,45508.00,1133.00,45458.00
V-Guard Industries Ltd.,VGUARD,532953,CONSUMER DURABLES,OTHER ELECTRICAL EQUIPMENT/PRODUCTS,1041.30,92.50,0.08,45523.00,45360.00,77.50,45461.00,59.00,45383.00,215.20,5.00
Vardhman Textiles Ltd.,VTL,502986,TEXTILES APPARELS & ACCESSORIES,TEXTILES,2192.10,205.40,0.09,103.70,22.00,169.20,41.70,134.30,45477.00,531.90,45491.00
Varun Beverages Ltd.,VBL,540180,FOOD BEVERAGES & TOBACCO,NON-ALCOHOLIC BEVERAGES,2988.40,882.10,0.23,170.80,62.50,667.30,152.90,501.10,45538.00,1998.70,45397.00
Vinati Organics Ltd.,VINATIORGA,524200,CHEMICALS & PETROCHEMICALS,SPECIALTY CHEMICALS,337.30,110.80,0.25,45486.00,0.30,113.00,45563.00,84.20,45330.00,408.20,39.70
Voltas Ltd.,VOLTAS,500575,CONSUMER DURABLES,CONSUMER ELECTRONICS,2222.50,70.30,0.03,45484.00,45393.00,118.10,49.30,36.70,45292.00,199.50,6.00
ZF Commercial Vehicle Control Systems India Ltd.,ZFCVINDIA,533023,AUTOMOBILES & AUTO COMPONENTS,AUTO PARTS & EQUIPMENT,846.20,145.50,0.15,45318.00,45352.00,141.20,35.50,105.70,55.70,392.00,206.70
Welspun Corp Ltd.,WELCORP,ASM,METALS & MINING,IRON & STEEL PRODUCTS,3659.90,399.50,0.10,85.70,75.00,340.80,79.00,384.70,45487.00,809.20,45565.00
Welspun Living Ltd.,WELSPUNLIV,514162,TEXTILES APPARELS & ACCESSORIES,TEXTILES,2151.10,358.00,0.14,98.50,33.80,258.90,58.70,196.70,2.00,526.10,45387.00
Whirlpool of India Ltd.,WHIRLPOOL,500238,CONSUMER DURABLES,CONSUMER ELECTRONICS,1448.40,73.20,0.05,49.20,45448.00,52.30,45305.00,36.60,45537.00,198.80,45488.00
Wipro Ltd.,WIPRO,507685,SOFTWARE & SERVICES,IT CONSULTING & SOFTWARE,18543.20,3972.70,0.18,897.00,303.30,3512.20,841.90,2646.30,45296.00,11643.80,45373.00
Zee Entertainment Enterprises Ltd.,ZEEL,505537,MEDIA,BROADCASTING & CABLE TV,2105.00,332.80,0.14,77.20,45405.00,184.20,54.40,123.00,45352.00,-102.20,-1.10
eClerx Services Ltd.,ECLERX,532927,SOFTWARE & SERVICES,BPO/KPO,517.00,204.70,0.28,45381.00,45297.00,182.40,46.30,136.00,45350.00,506.00,105.00
Sterlite Technologies Ltd.,STLTECH,532374,TELECOMMUNICATIONS EQUIPMENT,TELECOM CABLES,1281.00,213.00,0.14,85.00,95.00,36.00,12.00,34.00,0.90,203.00,45296.00
HEG Ltd.,HEG,509631,GENERAL INDUSTRIALS,OTHER INDUSTRIAL GOODS,512.30,101.90,0.17,38.50,45420.00,82.90,45494.00,96.00,45559.00,439.50,113.90
SBI Life Insurance Company Ltd.,SBILIFE,540719,BANKING AND FINANCE,LIFE INSURANCE,28183.80,609.90,0.02,0.00,0.00,621.50,43.90,380.20,45507.00,1842.20,45400.00
General Insurance Corporation of India,GICRE,540755,BANKING AND FINANCE,GENERAL INSURANCE,11574.00,1464.60,0.11,0.00,0.00,1855.40,243.70,1689.00,45337.00,6628.00,37.80
Tube Investments of India Ltd.,TIINDIA,540762,AUTOMOBILES & AUTO COMPONENTS,AUTO PARTS & EQUIPMENT,1718.20,251.40,0.13,34.60,45480.00,244.80,63.40,181.40,45391.00,717.50,37.10
Honeywell Automation India Ltd.,HONAUT,517174,CONSUMER DURABLES,OTHER ELECTRICAL EQUIPMENT/PRODUCTS,965.90,138.30,0.13,45517.00,0.70,163.90,42.00,121.90,137.80,443.40,503.90
Indian Energy Exchange Ltd.,IEX,540750,BANKING AND FINANCE,EXCHANGE,45459.00,92.00,0.85,45296.00,0.70,110.60,45562.00,86.50,1.00,327.80,45476.00
ICICI Lombard General Insurance Company Ltd.,ICICIGI,540716,BANKING AND FINANCE,GENERAL INSURANCE,4612.40,743.50,0.14,0.00,0.00,763.60,186.40,577.30,45515.00,1757.10,35.80
Aster DM Healthcare Ltd.,ASTERDM,540975,DIVERSIFIED CONSUMER SERVICES,HEALTHCARE FACILITIES,2939.40,377.30,0.11,227.20,101.90,45293.00,45332.00,-30.80,-0.60,284.30,45478.00
Central Depository Services (India) Ltd.,CDSL,CDSL,OTHERS,INVESTMENT COMPANIES,77.90,129.40,0.62,45418.00,0.00,145.60,35.80,108.90,45392.00,320.20,45473.00
Graphite India Ltd.,GRAPHITE,509488,GENERAL INDUSTRIALS,OTHER INDUSTRIAL GOODS,823.00,-30.00,-0.04,19.00,4.00,992.00,190.00,804.00,41.10,856.00,43.90
Grasim Industries Ltd.,GRASIM,500300,CEMENT AND CONSTRUCTION,CEMENT & CEMENT PRODUCTS,25995.90,4224.80,0.14,1245.20,397.80,2866.40,837.70,1163.80,45490.00,6624.90,100.60
KNR Constructions Ltd.,KNRCON,532942,CEMENT AND CONSTRUCTION,CONSTRUCTION & ENGINEERING,806.90,231.60,0.22,39.20,45463.00,177.10,34.60,147.40,45327.00,537.50,45310.00
Aditya Birla Capital Ltd.,ABCAPITAL,540691,DIVERSIFIED,HOLDING COMPANIES,4550.10,2821.90,0.37,48.00,1827.00,956.80,284.10,705.00,45475.00,5231.90,45311.00
Dixon Technologies (India) Ltd.,DIXON,540699,CONSUMER DURABLES,CONSUMER ELECTRONICS,4744.30,198.90,0.04,36.40,45308.00,146.10,35.20,107.30,19.00,308.70,51.80
Cholamandalam Financial Holdings Ltd.,CHOLAHLDNG,504973,DIVERSIFIED,HOLDING COMPANIES,2495.10,3404.80,0.54,52.10,2209.40,1215.80,324.60,420.90,45404.00,1532.30,81.60
Cochin Shipyard Ltd.,COCHINSHIP,540678,TRANSPORTATION,MARINE PORT & SERVICES,820.50,191.20,0.19,45553.00,45452.00,251.40,69.90,181.50,45517.00,429.90,32.70
Bharat Dynamics Ltd.,BDL,541143,GENERAL INDUSTRIALS,DEFENCE,481.80,134.00,0.22,45399.00,0.80,194.10,47.00,147.10,8.00,425.40,45345.00
Lux Industries Ltd.,LUXIND,539542,TEXTILES APPARELS & ACCESSORIES,OTHER APPARELS & ACCESSORIES,584.20,55.00,0.09,45540.00,45387.00,48.00,45303.00,37.10,45363.00,103.10,32.90
Zensar Technologies Ltd.,ZENSARTECH,504067,SOFTWARE & SERVICES,IT CONSULTING & SOFTWARE,1009.90,230.90,0.19,36.60,45478.00,224.90,51.00,173.90,45480.00,525.80,45345.00
PCBL Ltd.,PCBL,506590,CHEMICALS & PETROCHEMICALS,CARBON BLACK,1248.60,238.10,0.16,48.20,21.00,171.60,48.80,122.60,45325.00,431.60,45393.00
Zydus Wellness Ltd.,ZYDUSWELL,531335,FMCG,PACKAGED FOODS,423.10,45520.00,0.04,45509.00,45418.00,45451.00,45475.00,45540.00,0.90,281.20,44.20
Linde India Ltd.,LINDEINDIA,523457,GENERAL INDUSTRIALS,INDUSTRIAL GASES,537.70,173.60,0.24,49.70,45323.00,141.30,34.60,108.70,45516.00,417.90,49.00
FDC Ltd.,FDC,531599,PHARMACEUTICALS & BIOTECHNOLOGY,PHARMACEUTICALS,409.90,76.40,0.16,45544.00,45292.00,92.70,45557.00,69.80,45326.00,251.20,45397.00
The New India Assurance Company Ltd.,NIACL,540769,BANKING AND FINANCE,GENERAL INSURANCE,10773.40,-246.50,-0.02,0.00,0.00,-242.00,-46.70,-176.10,-1.10,947.00,45478.00
Sundaram Finance Ltd.,SUNDARMFIN,590071,BANKING AND FINANCE,FINANCE (INCLUDING NBFCS),322.50,1332.10,0.78,43.60,820.30,470.60,142.80,365.40,33.20,1506.70,135.60
TeamLease Services Ltd.,TEAMLEASE,539658,COMMERCIAL SERVICES & SUPPLIES,MISC. COMMERCIAL SERVICES,2240.80,45535.00,0.01,45547.00,45414.00,45411.00,45505.00,45378.00,45367.00,106.60,63.50
Galaxy Surfactants Ltd.,GALAXYSURF,540935,CHEMICALS & PETROCHEMICALS,SPECIALTY CHEMICALS,858.20,124.90,0.13,45497.00,45387.00,97.50,45311.00,77.40,45525.00,349.30,98.50
Bandhan Bank Ltd.,BANDHANBNK,541153,BANKING AND FINANCE,BANKS,1400.20,1583.40,0.35,0.00,2048.60,947.20,226.10,721.20,45416.00,2541.10,45519.00
ICICI Securities Ltd.,ISEC,541179,BANKING AND FINANCE,CAPITAL MARKETS,433.50,810.20,0.65,45529.00,215.10,569.40,145.70,423.60,45304.00,1238.10,38.30
V-Mart Retail Ltd.,VMART,534976,RETAILING,DEPARTMENT STORES,548.80,0.70,0.00,53.20,35.90,-86.40,-22.30,-64.10,-32.40,-103.10,-52.10
Nippon Life India Asset Management Ltd.,NAM-INDIA,540767,BANKING AND FINANCE,ASSET MANAGEMENT COS.,156.10,241.40,0.61,45329.00,45474.00,310.40,66.10,244.40,45538.00,883.30,45305.00
Grindwell Norton Ltd.,GRINDWELL,506076,GENERAL INDUSTRIALS,OTHER INDUSTRIAL PRODUCTS,536.00,131.40,0.20,45551.00,45505.00,135.30,33.10,101.90,45331.00,378.30,34.20
HDFC Life Insurance Company Ltd.,HDFCLIFE,540777,BANKING AND FINANCE,LIFE INSURANCE,23659.30,-508.10,-0.02,0.00,0.00,-373.10,-657.50,378.20,45505.00,1472.80,45541.00
Elgi Equipments Ltd.,ELGIEQUIP,522074,GENERAL INDUSTRIALS,INDUSTRIAL MACHINERY,663.40,142.70,0.18,45491.00,45449.00,129.20,38.80,91.30,45537.00,401.90,45485.00
Hindustan Aeronautics Ltd.,HAL,541154,GENERAL INDUSTRIALS,DEFENCE,4108.10,1527.60,0.27,349.60,0.30,1647.00,414.80,1236.70,45430.00,6037.30,90.30
BSE Ltd.,BSE,BSE,BANKING AND FINANCE,EXCHANGE,172.80,189.20,0.52,45495.00,45420.00,163.00,63.60,120.50,45512.00,706.00,52.10
Rites Ltd.,RITES,541556,CEMENT AND CONSTRUCTION,CONSTRUCTION & ENGINEERING,444.50,137.80,0.24,45305.00,45383.00,148.80,40.10,101.20,45326.00,488.10,45371.00
Fortis Healthcare Ltd.,FORTIS,532843,DIVERSIFIED CONSUMER SERVICES,HEALTHCARE FACILITIES,1439.80,330.20,0.19,84.10,45535.00,231.40,48.80,173.70,45353.00,547.60,45358.00
Varroc Engineering Ltd.,VARROC,541578,AUTOMOBILES & AUTO COMPONENTS,AUTO PARTS & EQUIPMENT,1692.60,194.30,0.10,84.90,50.30,65.90,45340.00,54.20,45415.00,146.50,45452.00
Adani Green Energy Ltd.,ADANIGREEN,ASM,UTILITIES,ELECTRIC UTILITIES,521.00,1699.00,0.77,474.00,1165.00,413.00,119.00,372.00,45324.00,1305.00,45330.00
VIP Industries Ltd.,VIPIND,507880,TEXTILES APPARELS & ACCESSORIES,OTHER APPARELS & ACCESSORIES,493.20,52.90,0.10,45527.00,45394.00,45370.00,6.00,45364.00,0.90,110.90,45511.00
CreditAccess Grameen Ltd.,CREDITACC,541770,BANKING AND FINANCE,FINANCE (INCLUDING NBFCS),248.80,902.30,0.72,45363.00,423.90,466.80,119.70,347.00,45525.00,1204.20,75.70
CESC Ltd.,CESC,500084,UTILITIES,ELECTRIC UTILITIES,3706.00,646.00,0.15,303.00,305.00,461.00,98.00,348.00,45445.00,1447.00,45545.00
Jamna Auto Industries Ltd.,JAMNAAUTO,520051,AUTOMOBILES & AUTO COMPONENTS,AUTO PARTS & EQUIPMENT,528.20,79.10,0.13,45545.00,0.80,68.70,45461.00,50.10,45384.00,189.30,45477.00
Suprajit Engineering Ltd.,SUPRAJIT,532509,AUTOMOBILES & AUTO COMPONENTS,AUTO PARTS & EQUIPMENT,639.10,69.80,0.10,45498.00,45456.00,49.20,45426.00,34.80,45414.00,146.90,45453.00
JK Paper Ltd.,JKPAPER,532162,COMMERCIAL SERVICES & SUPPLIES,PAPER & PAPER PRODUCTS,1242.80,407.30,0.25,83.50,42.00,340.60,34.90,302.40,45552.00,1220.60,72.10
Bank of Maharashtra,MAHABANK,532525,BANKING AND FINANCE,BANKS,1179.40,1920.50,0.38,0.00,2635.70,935.70,16.00,919.80,45352.00,3420.80,45508.00
Aavas Financiers Ltd.,AAVAS,541988,BANKING AND FINANCE,HOUSING FINANCE,123.50,367.80,0.74,45450.00,203.60,157.40,35.70,121.70,45397.00,465.40,58.80
HDFC Asset Management Company Ltd.,HDFCAMC,541729,BANKING AND FINANCE,ASSET MANAGEMENT COS.,162.00,481.10,0.75,13.00,45353.00,588.10,151.60,436.50,45402.00,1659.30,77.70
KEI Industries Ltd.,KEI,517569,CONSUMER DURABLES,OTHER ELECTRICAL EQUIPMENT/PRODUCTS,1742.70,203.90,0.10,45458.00,45419.00,188.40,48.20,140.20,45427.00,528.30,58.50
Orient Electric Ltd.,ORIENTELEC,541301,CONSUMER DURABLES,CONSUMER ELECTRONICS,546.20,45493.00,0.04,45336.00,45327.00,45405.00,45539.00,45400.00,0.90,95.30,45416.00
Deepak Nitrite Ltd.,DEEPAKNTR,506401,CHEMICALS & PETROCHEMICALS,COMMODITY CHEMICALS,1475.80,302.30,0.17,39.40,45475.00,277.20,72.10,205.10,15.00,797.90,58.50
Fine Organic Industries Ltd.,FINEORG,541557,CHEMICALS & PETROCHEMICALS,SPECIALTY CHEMICALS,409.40,131.10,0.24,45396.00,0.70,133.10,45563.00,103.40,33.70,458.80,149.60
LTIMindtree Ltd.,LTIM,540005,SOFTWARE & SERVICES,IT CONSULTING & SOFTWARE,7274.10,1631.30,0.18,208.20,47.00,1519.30,357.00,1161.80,39.30,4427.50,149.60
Dalmia Bharat Ltd.,DALBHARAT,542216,CEMENT AND CONSTRUCTION,CEMENT & CEMENT PRODUCTS,256.00,589.00,0.19,401.00,101.00,172.00,48.00,118.00,45357.00,1041.00,54.80
Godfrey Phillips India Ltd.,GODFRYPHLP,500163,FOOD BEVERAGES & TOBACCO,CIGARETTES-TOBACCO PRODUCTS,1151.00,223.60,0.16,36.50,45449.00,218.50,55.50,202.10,38.90,802.90,154.40
Vaibhav Global Ltd.,VAIBHAVGBL,532156,TEXTILES APPARELS & ACCESSORIES,OTHER APPARELS & ACCESSORIES,641.50,63.50,0.09,45465.00,45537.00,41.40,45394.00,45411.00,45505.00,121.30,45358.00
Abbott India Ltd.,ABBOTINDIA,500488,PHARMACEUTICALS & BIOTECHNOLOGY,PHARMACEUTICALS,1113.30,380.90,0.25,45521.00,45294.00,415.40,102.50,312.90,147.30,1081.40,508.90
Adani Total Gas Ltd.,ATGL,ASM,UTILITIES,UTILITIES,815.70,279.90,0.26,37.60,45378.00,224.20,57.20,172.70,45444.00,571.00,45327.00
Nestle India Ltd.,NESTLEIND,500790,FMCG,PACKAGED FOODS,3811.90,1224.90,0.24,111.20,31.40,1222.00,313.90,908.10,94.20,2971.10,308.20
Bayer Cropscience Ltd.,BAYERCROP,506285,CHEMICALS & PETROCHEMICALS,AGROCHEMICALS,1312.30,304.90,0.19,45454.00,45476.00,305.70,82.80,222.90,49.60,844.40,188.10
Amber Enterprises India Ltd.,AMBER,540902,CONSUMER DURABLES,CONSUMER ELECTRONICS,867.50,59.60,0.06,45.20,36.60,-9.50,-3.80,-6.90,-2.10,156.80,46.50
Rail Vikas Nigam Ltd.,RVNL,542649,CEMENT AND CONSTRUCTION,CONSTRUCTION & ENGINEERING,4616.00,298.30,0.06,45328.00,132.70,455.40,85.20,394.30,45536.00,1478.80,45298.00
Metropolis Healthcare Ltd.,METROPOLIS,542650,DIVERSIFIED CONSUMER SERVICES,HEALTHCARE SERVICES,233.70,74.80,0.24,45344.00,45478.00,48.10,45424.00,35.50,45541.00,133.40,26.00
Polycab India Ltd.,POLYCAB,542652,CONSUMER DURABLES,OTHER ELECTRICAL EQUIPMENT/PRODUCTS,3608.80,608.90,0.14,60.30,45530.00,557.20,127.40,425.60,45410.00,1607.20,107.10
Multi Commodity Exchange of India Ltd.,MCX,534091,BANKING AND FINANCE,EXCHANGE,193.80,-28.70,-0.17,45449.00,0.10,-16.40,45444.00,-19.10,-3.70,44.80,45512.00
IIFL Finance Ltd.,IIFL,532636,BANKING AND FINANCE,OTHER FINANCIAL SERVICES,788.30,1600.80,0.65,43.30,932.10,683.50,158.00,474.30,45394.00,1690.70,44.40
Ratnamani Metals & Tubes Ltd.,RATNAMANI,520111,METALS & MINING,IRON & STEEL/INTERM.PRODUCTS,886.30,244.90,0.22,45466.00,45514.00,221.10,56.80,163.90,45405.00,622.60,88.80
RHI Magnesita India Ltd.,RHIM,534076,GENERAL INDUSTRIALS,OTHER INDUSTRIAL GOODS,839.00,147.90,0.15,44.20,45420.00,97.90,45377.00,71.30,45415.00,-502.20,-24.30
Birlasoft Ltd.,BSOFT,532400,SOFTWARE & SERVICES,IT CONSULTING & SOFTWARE,1102.70,207.10,0.16,45433.00,45478.00,195.50,50.40,145.10,45327.00,378.40,45486.00
EIH Ltd.,EIHOTEL,500840,HOTELS RESTAURANTS & TOURISM,HOTELS,387.60,142.90,0.27,33.20,45448.00,126.10,36.20,93.10,45413.00,424.10,45510.00
Affle (India) Ltd.,AFFLE,542752,SOFTWARE & SERVICES,INTERNET SOFTWARE & SERVICES,344.10,87.20,0.20,45400.00,45417.00,73.20,45388.00,66.80,5.00,264.30,45523.00
Westlife Foodworld Ltd.,WESTLIFE,505533,HOTELS RESTAURANTS & TOURISM,RESTAURANTS,516.50,98.20,0.16,43.90,45409.00,30.20,45511.00,45404.00,45383.00,107.70,45541.00
IndiaMART InterMESH Ltd.,INDIAMART,542726,SOFTWARE & SERVICES,INTERNET SOFTWARE & SERVICES,214.70,80.00,0.27,8.00,45353.00,104.30,45558.00,69.40,45393.00,321.10,53.60
Infosys Ltd.,INFY,500209,SOFTWARE & SERVICES,IT CONSULTING & SOFTWARE,29554.00,944.00,0.24,1166.00,138.00,8768.00,2553.00,6212.00,15.00,24871.00,60.10
Sterling and Wilson Renewable Energy Ltd.,SWSOLAR,542760,COMMERCIAL SERVICES & SUPPLIES,CONSULTING SERVICES,758.00,45413.00,0.00,45355.00,64.30,-50.00,45447.00,-54.20,-2.90,-668.40,-35.20
ABB India Ltd.,ABB,500002,GENERAL INDUSTRIALS,HEAVY ELECTRICAL EQUIPMENT,2330.70,438.50,0.16,45381.00,0.90,484.20,122.20,362.90,45308.00,1208.70,57.00
Poly Medicure Ltd.,POLYMED,531768,HEALTHCARE EQUIPMENT & SUPPLIES,HEALTHCARE SUPPLIES,253.10,84.20,0.25,16.00,45324.00,80.90,45522.00,62.20,45418.00,233.70,45406.00
GMM Pfaudler Ltd.,GMMPFAUDLR,505255,GENERAL INDUSTRIALS,INDUSTRIAL MACHINERY,795.50,142.00,0.15,32.20,45433.00,96.80,45438.00,71.10,45519.00,183.20,40.80
Gujarat Fluorochemicals Ltd.,FLUOROCHEM,542812,CHEMICALS & PETROCHEMICALS,SPECIALTY CHEMICALS,783.70,163.10,0.17,67.50,34.20,74.80,45313.00,52.70,45508.00,915.20,83.30
360 One Wam Ltd.,360ONE,542772,BANKING AND FINANCE,OTHER FINANCIAL SERVICES,235.60,317.80,0.57,45486.00,139.90,226.80,40.80,186.00,45327.00,696.80,45431.00
Tata Communications Ltd.,TATACOMM,500483,TELECOM SERVICES,OTHER TELECOM SERVICES,3857.10,1015.50,0.21,605.10,137.40,298.30,77.90,220.70,45480.00,1322.30,46.40
Alkyl Amines Chemicals Ltd.,ALKYLAMINE,506767,CHEMICALS & PETROCHEMICALS,SPECIALTY CHEMICALS,303.90,48.30,0.14,45424.00,45474.00,36.40,45331.00,45349.00,45356.00,171.30,33.50
CSB Bank Ltd.,CSBBANK,542867,BANKING AND FINANCE,BANKS,317.50,174.60,0.25,0.00,343.60,178.00,44.80,133.20,45480.00,577.70,33.30
Indian Railway Catering & Tourism Corporation Ltd.,IRCTC,542830,DIVERSIFIED CONSUMER SERVICES,TRAVEL SUPPORT SERVICES,628.80,366.60,0.37,14.00,45386.00,395.20,100.50,294.70,45476.00,1061.20,45364.00
Sumitomo Chemical India Ltd.,SUMICHEM,542920,CHEMICALS & PETROCHEMICALS,AGROCHEMICALS,715.50,187.90,0.21,45519.00,45323.00,195.50,52.00,143.40,45537.00,367.70,45389.00
Century Textiles & Industries Ltd.,CENTURYTEX,500040,COMMERCIAL SERVICES & SUPPLIES,PAPER & PAPER PRODUCTS,1069.20,33.80,0.03,59.20,17.00,-30.50,-3.30,-30.40,-2.80,117.70,45422.00
SBI Cards and Payment Services Ltd.,SBICARD,543066,BANKING AND FINANCE,FINANCE (INCLUDING NBFCS),2018.80,1327.00,0.32,46.80,604.90,809.40,206.40,603.00,45388.00,2302.20,45375.00
Hitachi Energy India Ltd.,POWERINDIA,543187,GENERAL INDUSTRIALS,HEAVY ELECTRICAL EQUIPMENT,1162.60,65.30,0.05,45434.00,45483.00,32.40,45450.00,45497.00,45509.00,82.50,45431.00
Suven Pharmaceuticals Ltd.,SUVENPHAR,543064,PHARMACEUTICALS & BIOTECHNOLOGY,PHARMACEUTICALS,133.10,98.00,0.42,45546.00,0.50,105.40,45529.00,79.60,45294.00,431.80,17.00
Tata Chemicals Ltd.,TATACHEM,500770,CHEMICALS & PETROCHEMICALS,COMMODITY CHEMICALS,3179.00,819.00,0.20,234.00,145.00,627.00,120.00,428.00,45520.00,206.00,80.80
Aarti Drugs Ltd.,AARTIDRUGS,524348,PHARMACEUTICALS & BIOTECHNOLOGY,PHARMACEUTICALS,565.10,76.40,0.12,45455.00,45330.00,56.30,45489.00,39.60,45355.00,180.20,45462.00
Gujarat Ambuja Exports Ltd.,GAEL,524226,FMCG,EDIBLE OILS,1012.20,103.30,0.09,45442.00,45540.00,109.10,45377.00,82.80,45446.00,305.10,45364.00
Polyplex Corporation Ltd.,POLYPLEX,524051,COMMERCIAL SERVICES & SUPPLIES,CONTAINERS & PACKAGING,1451.50,120.60,0.08,75.10,45544.00,59.10,45545.00,45562.00,45543.00,71.10,45465.00
Chalet Hotels Ltd.,CHALET,542399,HOTELS RESTAURANTS & TOURISM,HOTELS,188.60,126.00,0.40,35.00,50.10,44.50,8.00,36.40,45505.00,266.70,13.00
Adani Enterprises Ltd.,ADANIENT,512599,COMMERCIAL SERVICES & SUPPLIES,COMMODITY TRADING  & DISTRIBUTION,20087.20,2430.10,0.11,757.00,1342.80,791.00,397.80,227.80,2.00,2444.30,45403.00
YES Bank Ltd.,YESBANK,532648,BANKING AND FINANCE,BANKS,2377.10,810.00,0.12,0.00,4793.60,304.40,75.70,228.60,0.10,836.60,0.30
EPL Ltd.,EPL,500135,COMMERCIAL SERVICES & SUPPLIES,CONTAINERS & PACKAGING,820.60,181.00,0.18,83.60,45473.00,76.40,45407.00,50.50,45444.00,251.90,45542.00
Network18 Media & Investments Ltd.,NETWORK18,532798,MEDIA,BROADCASTING & CABLE TV,2083.80,-218.30,-0.12,56.80,66.20,-154.50,-6.50,-61.00,-0.60,-144.20,-1.40
CIE Automotive India Ltd.,CIEINDIA,532756,AUTOMOBILES & AUTO COMPONENTS,AUTO PARTS & EQUIPMENT,1934.00,345.40,0.15,78.30,31.00,256.10,69.10,375.40,45544.00,298.40,45542.00
Vedanta Ltd.,VEDL,500295,METALS & MINING,ALUMINIUM AND ALUMINIUM PRODUCTS,27466.00,11479.00,0.29,2642.00,2523.00,8177.00,9092.00,-1783.00,-4.80,5202.00,14.00
Rossari Biotech Ltd.,ROSSARI,543213,CHEMICALS & PETROCHEMICALS,SPECIALTY CHEMICALS,419.90,63.60,0.13,45306.00,5.00,44.80,45546.00,32.90,6.00,116.80,45343.00
KPIT Technologies Ltd.,KPITTECH,542651,SOFTWARE & SERVICES,IT CONSULTING & SOFTWARE,959.20,239.90,0.20,48.10,45456.00,187.70,46.30,140.90,45327.00,486.90,18.00
Intellect Design Arena Ltd.,INTELLECT,538835,SOFTWARE & SERVICES,IT SOFTWARE PRODUCTS,497.20,121.90,0.20,33.70,0.80,96.50,45498.00,70.40,45327.00,316.60,45345.00
Balaji Amines Ltd.,BALAMINES,530999,CHEMICALS & PETROCHEMICALS,SPECIALTY CHEMICALS,326.80,53.80,0.14,45514.00,45505.00,48.00,45454.00,34.70,45483.00,197.30,60.90
UTI Asset Management Company Ltd.,UTIAMC,543238,BANKING AND FINANCE,ASSET MANAGEMENT COS.,172.50,231.50,0.57,45392.00,45506.00,219.80,37.00,182.80,45396.00,562.90,44.30
Mazagon Dock Shipbuilders Ltd.,MAZDOCK,543237,TRANSPORTATION,SHIPPING,1651.10,176.60,0.10,45342.00,45352.00,406.60,102.80,332.90,45428.00,1327.60,65.80
Computer Age Management Services Ltd.,CAMS,543232,BANKING AND FINANCE,CAPITAL MARKETS,153.00,122.10,0.44,45399.00,2.00,112.40,45471.00,84.50,45339.00,309.20,62.90
Happiest Minds Technologies Ltd.,HAPPSTMNDS,543227,SOFTWARE & SERVICES,IT CONSULTING & SOFTWARE,324.00,82.60,0.20,45457.00,45333.00,79.10,45493.00,58.50,45538.00,232.00,45458.00
Triveni Turbine Ltd.,TRITURBINE,533655,GENERAL INDUSTRIALS,HEAVY ELECTRICAL EQUIPMENT,313.40,74.30,0.19,45296.00,0.60,83.20,19.00,64.20,2.00,233.10,45358.00
Angel One Ltd.,ANGELONE,ASM,BANKING AND FINANCE,CAPITAL MARKETS,602.60,443.40,0.42,45333.00,45408.00,407.20,102.70,304.50,36.30,1020.20,121.70
Tanla Platforms Ltd.,TANLA,532790,SOFTWARE & SERVICES,INTERNET SOFTWARE & SERVICES,811.80,196.80,0.20,45465.00,45505.00,178.70,36.20,142.50,45453.00,514.70,38.30
Max Healthcare Institute Ltd.,MAXHEALTH,543220,DIVERSIFIED CONSUMER SERVICES,HEALTHCARE FACILITIES,975.80,387.40,0.28,57.90,45420.00,366.40,89.70,276.70,45537.00,990.10,45332.00
Asahi India Glass Ltd.,ASAHIINDIA,515030,AUTOMOBILES & AUTO COMPONENTS,AUTO PARTS & EQUIPMENT,934.00,185.60,0.17,43.00,34.40,111.30,30.20,86.90,45446.00,343.50,45305.00
Prince Pipes & Fittings Ltd.,PRINCEPIPE,542907,GENERAL INDUSTRIALS,PLASTIC PRODUCTS,562.30,94.20,0.14,45434.00,0.70,92.80,45344.00,70.60,45327.00,219.80,45554.00
Route Mobile Ltd.,ROUTE,543228,SOFTWARE & SERVICES,INTERNET SOFTWARE & SERVICES,886.50,128.10,0.13,45403.00,45418.00,103.80,45427.00,88.80,45336.00,365.30,58.30
KPR Mill Ltd.,KPRMILL,532889,TEXTILES APPARELS & ACCESSORIES,TEXTILES,1212.90,298.00,0.20,46.00,45309.00,256.00,54.20,201.80,45540.00,788.80,45314.00
Infibeam Avenues Ltd.,INFIBEAM,539807,SOFTWARE & SERVICES,INTERNET SOFTWARE & SERVICES,719.70,70.20,0.09,45308.00,0.50,55.20,45487.00,41.00,0.10,142.20,0.50
Restaurant Brands Asia Ltd.,RBA,543248,HOTELS RESTAURANTS & TOURISM,RESTAURANTS,568.70,56.20,0.09,78.60,45443.00,-50.70,0.00,-46.00,-0.90,-220.30,-4.50
Larsen & Toubro Ltd.,LT,500510,CEMENT AND CONSTRUCTION,CONSTRUCTION & ENGINEERING,45392.10,5632.00,0.11,909.90,864.00,4991.10,1135.50,3222.60,45557.00,12255.30,89.20
Gland Pharma Ltd.,GLAND,543245,PHARMACEUTICALS & BIOTECHNOLOGY,PHARMACEUTICALS,1049.30,324.10,0.24,81.30,6.00,289.90,95.80,194.10,45515.00,698.80,42.40
Macrotech Developers Ltd.,LODHA,543287,REALTY,REALTY,1333.50,416.10,0.24,45380.00,123.10,269.20,62.40,201.90,45293.00,1529.20,45550.00
Poonawalla Fincorp Ltd.,POONAWALLA,524000,BANKING AND FINANCE,FINANCE (INCLUDING NBFCS),178.90,531.70,0.72,45487.00,215.50,1124.60,270.00,860.20,45333.00,1466.40,45310.00
The Fertilisers and Chemicals Travancore Ltd.,FACT,590024,FERTILIZERS,FERTILIZERS,1530.80,132.40,0.08,45356.00,61.20,105.20,0.00,105.20,45444.00,508.40,45542.00
Home First Finance Company India Ltd.,HOMEFIRST,543259,BANKING AND FINANCE,HOUSING FINANCE,53.70,211.60,0.77,45506.00,117.00,96.40,45313.00,74.30,45390.00,266.20,30.20
CG Power and Industrial Solutions Ltd.,CGPOWER,500093,GENERAL INDUSTRIALS,HEAVY ELECTRICAL EQUIPMENT,1692.90,308.60,0.15,45557.00,0.40,329.90,86.20,242.30,45444.00,11.00,45329.00
Laxmi Organic Industries Ltd.,LXCHEM,543277,CHEMICALS & PETROCHEMICALS,SPECIALTY CHEMICALS,613.30,38.90,0.06,45439.00,45293.00,45429.00,45510.00,45483.00,0.40,100.60,45507.00
Anupam Rasayan India Ltd.,ANURAS,543275,CHEMICALS & PETROCHEMICALS,AGROCHEMICALS,284.70,107.50,0.27,45523.00,45402.00,70.70,22.00,40.70,45507.00,178.90,45459.00
Kalyan Jewellers India Ltd.,KALYANKJIL,ASM,TEXTILES APPARELS & ACCESSORIES,GEMS & JEWELLERY,4100.90,313.70,0.07,66.90,81.70,178.10,43.30,135.20,45352.00,497.90,45508.00
Jubilant Pharmova Ltd.,JUBLPHARMA,530019,PHARMACEUTICALS & BIOTECHNOLOGY,PHARMACEUTICALS,1438.50,241.80,0.14,96.60,66.10,89.00,35.90,62.50,45538.00,-44.60,-2.80
Indigo Paints Ltd.,INDIGOPNTS,543258,DIVERSIFIED CONSUMER SERVICES,FURNITURE-FURNISHING-PAINTS,228.70,41.80,0.15,10.00,0.50,34.30,45330.00,45317.00,45417.00,132.40,45531.00
Indian Railway Finance Corporation Ltd.,IRFC,543257,BANKING AND FINANCE,FINANCE (INCLUDING NBFCS),33.50,6732.40,1.00,45293.00,5181.50,1549.90,0.00,1549.90,45323.00,6067.60,45447.00
Mastek Ltd.,MASTEK,523704,SOFTWARE & SERVICES,IT CONSULTING & SOFTWARE,642.50,123.00,0.16,45555.00,45455.00,90.30,25.00,62.80,45432.00,269.70,88.00
Equitas Small Finance Bank Ltd.,EQUITASBNK,543243,BANKING AND FINANCE,BANKS,616.80,330.20,0.24,0.00,593.40,267.00,68.90,198.10,45505.00,749.50,45479.00
Tata Teleservices (Maharashtra) Ltd.,TTML,532371,TELECOM SERVICES,TELECOM SERVICES,159.30,127.50,0.44,36.30,403.20,-310.20,0.00,-310.20,-1.60,-1168.30,-6.00
Praj Industries Ltd.,PRAJIND,522205,GENERAL INDUSTRIALS,INDUSTRIAL MACHINERY,798.40,84.00,0.10,45300.00,1.00,84.80,45404.00,62.40,45385.00,271.40,45518.00
Nazara Technologies Ltd.,NAZARA,543280,SOFTWARE & SERVICES,INTERNET SOFTWARE & SERVICES,269.40,45499.00,0.09,45306.00,45475.00,45343.00,-1.30,45523.00,3.00,60.00,45300.00
Jubilant Ingrevia Ltd.,JUBLINGREA,543271,CHEMICALS & PETROCHEMICALS,SPECIALTY CHEMICALS,902.30,117.70,0.12,33.90,45424.00,79.80,45404.00,57.50,45446.00,258.90,45398.00
Sona BLW Precision Forgings Ltd.,SONACOMS,543300,AUTOMOBILES & AUTO COMPONENTS,AUTO PARTS & EQUIPMENT,567.50,223.30,0.28,53.40,6.00,164.10,40.10,123.80,45293.00,462.80,45542.00
Chemplast Sanmar Ltd.,CHEMPLASTS,543336,CHEMICALS & PETROCHEMICALS,SPECIALTY CHEMICALS,941.80,46.00,0.05,35.30,38.60,45331.00,-16.80,45317.00,45444.00,35.30,45324.00
Aptus Value Housing Finance India Ltd.,APTUS,543335,BANKING AND FINANCE,HOUSING FINANCE,50.60,277.50,0.83,45445.00,96.10,189.60,41.50,148.00,3.00,551.10,45302.00
Clean Science & Technology Ltd.,CLEAN,543318,CHEMICALS & PETROCHEMICALS,SPECIALTY CHEMICALS,106.30,74.80,0.41,45302.00,0.30,69.50,45368.00,52.20,45539.00,275.50,45560.00
Medplus Health Services Ltd.,MEDPLUS,543427,HEALTHCARE EQUIPMENT & SUPPLIES,HEALTHCARE SUPPLIES,1323.50,85.10,0.06,55.50,45435.00,45398.00,45536.00,45457.00,45323.00,58.30,45539.00
Nuvoco Vistas Corporation Ltd.,NUVOCO,543334,CEMENT AND CONSTRUCTION,CEMENT & CEMENT PRODUCTS,2243.00,329.90,0.13,225.60,139.90,-29.60,-31.10,45413.00,0.00,141.80,4.00
Star Health and Allied Insurance Company Ltd.,STARHEALTH,543412,BANKING AND FINANCE,GENERAL INSURANCE,3295.80,165.70,0.05,0.00,0.00,167.10,41.80,125.30,45293.00,725.40,45394.00
Go Fashion (India) Ltd.,GOCOLORS,543401,TEXTILES APPARELS & ACCESSORIES,OTHER APPARELS & ACCESSORIES,132.20,56.60,0.30,45529.00,45543.00,45529.00,45478.00,20.00,45476.00,85.40,45519.00
PB Fintech Ltd.,POLICYBZR,543390,SOFTWARE & SERVICES,INTERNET SOFTWARE & SERVICES,900.70,-89.10,-0.11,45373.00,45329.00,-21.10,-0.30,-20.20,-0.50,-127.90,-2.80
FSN E-Commerce Ventures Ltd.,NYKAA,543384,SOFTWARE & SERVICES,INTERNET & CATALOGUE RETAIL,1426.40,80.60,0.05,54.60,45372.00,45364.00,4.00,45509.00,0.00,1908.20,0.10
Krishna Institute of Medical Sciences Ltd.,KIMS,543308,DIVERSIFIED CONSUMER SERVICES,HEALTHCARE FACILITIES,475.20,177.30,0.27,32.60,45543.00,138.60,37.30,92.00,45423.00,342.10,42.70
Zomato Ltd.,ZOMATO,543320,SOFTWARE & SERVICES,INTERNET SOFTWARE & SERVICES,2895.00,-47.00,-0.02,128.00,16.00,21.00,-15.00,36.00,0.00,-496.80,-0.60
Brightcom Group Ltd.,BCG,532368,SOFTWARE & SERVICES,INTERNET SOFTWARE & SERVICES,1172.30,518.00,0.31,72.30,0.10,445.80,124.30,321.50,45444.00,1415.20,7.00
Shyam Metalics and Energy Ltd.,SHYAMMETL,543299,METALS & MINING,IRON & STEEL/INTERM.PRODUCTS,2633.60,307.10,0.10,176.50,35.40,133.40,-348.60,484.10,45553.00,1049.90,41.20
G R Infraprojects Ltd.,GRINFRA,543317,CEMENT AND CONSTRUCTION,ROADS & HIGHWAYS,1415.70,467.10,0.25,61.70,144.60,287.10,69.90,217.20,45434.00,1240.30,128.30
RattanIndia Enterprises Ltd.,RTNINDIA,534597,UTILITIES,ELECTRIC UTILITIES,1392.80,45413.00,0.00,45355.00,45532.00,142.20,45474.00,140.90,1.00,147.60,45292.00
Borosil Renewables Ltd.,BORORENEW,502219,CONSUMER DURABLES,HOUSEWARE,369.20,32.50,0.08,31.00,45452.00,45563.00,-1.10,45316.00,45536.00,32.10,45414.00
HLE Glascoat Ltd.,HLEGLAS,522215,GENERAL INDUSTRIALS,INDUSTRIAL MACHINERY,198.00,45438.00,0.12,45297.00,45509.00,45307.00,45356.00,10.00,45444.00,54.40,8.00
Tata Investment Corporation Ltd.,TATAINVEST,501301,DIVERSIFIED,HOLDING COMPANIES,45301.00,113.80,0.92,0.20,45477.00,110.10,-1.30,124.40,45467.00,326.10,64.40
Sapphire Foods India Ltd.,SAPPHIRE,543397,HOTELS RESTAURANTS & TOURISM,RESTAURANTS,527.50,115.10,0.18,76.80,45436.00,45403.00,45328.00,45366.00,45384.00,208.50,32.70
Devyani International Ltd.,DEVYANI,543330,HOTELS RESTAURANTS & TOURISM,RESTAURANTS,665.00,154.40,0.19,86.30,41.70,19.00,-16.80,33.40,0.30,177.50,45413.00
Vijaya Diagnostic Centre Ltd.,VIJAYA,543350,DIVERSIFIED CONSUMER SERVICES,HEALTHCARE SERVICES,81.50,57.40,0.41,45486.00,45540.00,44.60,11.00,33.30,45354.00,103.40,45301.00
C.E. Info Systems Ltd.,MAPMYINDIA,543425,SOFTWARE & SERVICES,INTERNET SOFTWARE & SERVICES,50.10,41.00,0.45,45476.00,0.70,44.70,45302.00,33.00,45297.00,122.90,45495.00
Latent View Analytics Ltd.,LATENTVIEW,543398,SOFTWARE & SERVICES,DATA PROCESSING SERVICES,124.90,45534.00,0.20,45353.00,0.80,44.70,45453.00,34.00,45474.00,153.60,45419.00
Metro Brands Ltd.,METROBRAND,543426,RETAILING,FOOTWEAR,400.30,155.40,0.28,57.20,45492.00,94.70,45439.00,66.70,45414.00,340.00,45424.00
Easy Trip Planners Ltd.,EASEMYTRIP,543272,SOFTWARE & SERVICES,INTERNET SOFTWARE & SERVICES,76.90,64.80,0.46,1.00,2.00,64.70,45490.00,47.20,0.30,146.00,0.80
Shree Renuka Sugars Ltd.,RENUKA,532670,FOOD BEVERAGES & TOBACCO,SUGAR,2491.00,63.70,0.02,64.10,216.80,-207.20,-1.60,-204.90,-1.00,-286.00,-1.30
One97 Communications Ltd.,PAYTM,543396,SOFTWARE & SERVICES,INTERNET SOFTWARE & SERVICES,2749.60,-231.00,-0.09,180.10,7.00,-279.90,45485.00,-290.50,-5.00,-1207.90,-19.00
MTAR Technologies Ltd.,MTARTECH,543270,GENERAL INDUSTRIALS,DEFENCE,130.70,36.10,0.22,45509.00,45417.00,45498.00,45327.00,45432.00,45479.00,103.30,33.60
Capri Global Capital Ltd.,CGCL,531595,BANKING AND FINANCE,FINANCE (INCLUDING NBFCS),229.30,304.80,0.55,45314.00,195.80,86.00,45524.00,65.20,45325.00,231.20,45333.00
GMR Airports Infrastructure Ltd.,GMRINFRA,ASM,CEMENT AND CONSTRUCTION,CONSTRUCTION & ENGINEERING,1336.80,726.70,0.35,373.00,695.80,-252.00,54.90,-91.00,-0.10,-370.90,-0.60
Triveni Engineering & Industries Ltd.,TRIVENI,532356,FOOD BEVERAGES & TOBACCO,SUGAR,1554.50,62.90,0.04,45529.00,45332.00,39.30,45301.00,45320.00,45352.00,434.30,45523.00
Delhivery Ltd.,DELHIVERY,543529,TRANSPORTATION,TRANSPORTATION - LOGISTICS,1957.30,-15.60,-0.01,171.20,45462.00,-105.20,-2.10,-102.90,-1.40,-546.70,-7.50
Life Insurance Corporation of India,LICI,543526,BANKING AND FINANCE,LIFE INSURANCE,193612.50,8445.00,0.04,0.00,0.00,8696.50,1083.90,8030.30,45485.00,37204.80,58.80
Campus Activewear Ltd.,CAMPUS,543523,RETAILING,FOOTWEAR,234.20,45436.00,0.09,45309.00,45418.00,0.40,0.10,0.30,0.00,103.10,45385.00
Motherson Sumi Wiring India Ltd.,MSUMI,543498,AUTOMOBILES & AUTO COMPONENTS,AUTO PARTS & EQUIPMENT,1856.50,248.10,0.12,36.40,45389.00,210.00,54.10,155.90,0.30,523.60,45323.00
Olectra Greentech Ltd.,OLECTRA,532439,AUTOMOBILES & AUTO COMPONENTS,COMMERCIAL VEHICLES,266.60,40.50,0.13,45512.00,45482.00,45347.00,8.00,45461.00,45324.00,78.50,45452.00
Patanjali Foods Ltd.,PATANJALI,500368,FMCG,EDIBLE OILS,7426.60,395.30,0.05,60.10,24.00,335.10,80.50,254.50,7.00,875.20,45346.00
Raymond Ltd.,RAYMOND,500330,TEXTILES APPARELS & ACCESSORIES,TEXTILES,1938.80,314.60,0.14,65.40,89.30,204.20,50.70,159.80,24.00,1514.20,227.50
Swan Energy Ltd.,SWANENERGY,503310,REALTY,REALTY,966.30,257.00,0.21,45318.00,58.30,178.40,45516.00,84.60,45479.00,308.40,45484.00
Samvardhana Motherson International Ltd.,MOTHERSON,517334,AUTOMOBILES & AUTO COMPONENTS,AUTO PARTS & EQUIPMENT,21585.00,1888.80,0.08,867.40,487.90,449.50,229.20,201.60,0.30,1910.30,45506.00
Vedant Fashions Ltd.,MANYAVAR,543463,RETAILING,SPECIALTY RETAIL,125.50,92.80,0.43,32.50,45483.00,64.80,45307.00,48.70,2.00,399.90,45428.00
Adani Wilmar Ltd.,AWL,543458,FMCG,EDIBLE OILS,12123.50,143.70,0.01,95.70,220.20,-161.80,-31.50,-130.70,-1.00,130.10,1.00
Mahindra Lifespace Developers Ltd.,MAHLIFE,532313,REALTY,REALTY,52.70,-34.90,-1.96,45294.00,0.20,-30.30,-10.80,-18.90,-1.20,1005.20,0.70
Tejas Networks Ltd.,TEJASNET,540595,TELECOM SERVICES,OTHER TELECOM SERVICES,383.00,13.00,0.03,41.70,7.00,-17.70,-5.10,-12.60,-0.70,-61.30,-3.50
Aether Industries Ltd.,AETHER,543534,CHEMICALS & PETROCHEMICALS,SPECIALTY CHEMICALS,118.20,46.00,0.28,45482.00,45444.00,48.70,45303.00,36.70,45506.00,139.10,45422.00
JBM Auto Ltd.,JBMA,ASM,AUTOMOBILES & AUTO COMPONENTS,AUTO PARTS & EQUIPMENT,1091.30,139.70,0.11,41.20,47.90,58.30,45362.00,44.20,45476.00,136.80,45454.00
Deepak Fertilisers & Petrochemicals Corporation Ltd.,DEEPAKFERT,500645,CHEMICALS & PETROCHEMICALS,COMMODITY CHEMICALS,2138.10,286.10,0.12,81.20,107.10,116.80,53.30,60.10,45508.00,674.50,53.40
Sharda Cropchem Ltd.,SHARDACROP,538666,CHEMICALS & PETROCHEMICALS,AGROCHEMICALS,559.60,45343.00,0.04,74.00,45447.00,-33.80,-6.30,-27.60,-3.10,191.00,45343.00
Shoppers Stop Ltd.,SHOPERSTOP,532638,RETAILING,DEPARTMENT STORES,878.20,160.90,0.15,108.20,54.90,45415.00,0.80,45475.00,0.20,94.20,45451.00
BEML Ltd.,BEML,500048,AUTOMOBILES & AUTO COMPONENTS,COMMERCIAL VEHICLES,855.30,61.50,0.07,45519.00,45514.00,42.20,-9.60,51.80,45394.00,200.80,48.20
Lemon Tree Hotels Ltd.,LEMONTREE,541233,HOTELS RESTAURANTS & TOURISM,HOTELS,125.30,101.90,0.45,45465.00,47.30,34.80,45451.00,45465.00,0.30,130.10,45444.00
Rainbow Childrens Medicare Ltd.,RAINBOW,543524,DIVERSIFIED CONSUMER SERVICES,HEALTHCARE FACILITIES,215.10,117.60,0.35,45530.00,45364.00,85.20,45313.00,62.90,45328.00,215.40,45343.00
UCO Bank,UCOBANK,532505,BANKING AND FINANCE,BANKS,1581.50,981.90,0.19,0.00,3302.30,639.80,238.10,403.50,0.30,184.00,45413.00
Piramal Pharma Ltd.,PPLPHARMA,543635,PHARMACEUTICALS & BIOTECHNOLOGY,PHARMACEUTICALS,1645.70,265.60,0.14,184.50,109.90,45402.00,34.50,5.00,0.00,-133.60,-1.00
KSB Ltd.,KSB,500249,GENERAL INDUSTRIALS,INDUSTRIAL MACHINERY,493.40,70.30,0.12,45363.00,2.00,64.50,45308.00,50.10,45396.00,209.70,60.30
Data Patterns (India) Ltd.,DATAPATTNS,543428,GENERAL INDUSTRIALS,DEFENCE,67.50,40.80,0.38,45294.00,45353.00,46.30,45424.00,33.80,6.00,148.30,45438.00
Global Health Ltd.,MEDANTA,543654,DIVERSIFIED CONSUMER SERVICES,HEALTHCARE FACILITIES,631.10,212.90,0.25,42.90,45311.00,170.60,45.40,125.20,45477.00,408.90,45337.00
Aarti Industries Ltd.,AARTIIND,524208,CHEMICALS & PETROCHEMICALS,SPECIALTY CHEMICALS,1221.20,232.80,0.16,93.00,58.20,81.60,-9.10,90.70,45414.00,446.20,45363.00
BLS International Services Ltd.,BLS,540073,DIVERSIFIED CONSUMER SERVICES,TRAVEL SUPPORT SERVICES,321.00,86.70,0.21,45358.00,1.00,87.20,45327.00,78.70,45536.00,267.60,45418.00
Archean Chemical Industries Ltd.,ACI,543657,CHEMICALS & PETROCHEMICALS,COMMODITY CHEMICALS,195.00,95.50,0.33,45429.00,45536.00,87.30,45372.00,66.00,45387.00,394.40,32.10
Adani Power Ltd.,ADANIPOWER,ASM,UTILITIES,ELECTRIC UTILITIES,7819.20,5171.40,0.40,1004.50,888.40,5223.60,-1370.60,6594.20,45428.00,20604.80,53.40
Craftsman Automation Ltd.,CRAFTSMAN,543276,AUTOMOBILES & AUTO COMPONENTS,AUTO PARTS & EQUIPMENT,941.60,237.50,0.20,66.80,41.60,133.80,45472.00,94.50,44.10,298.30,141.20
NMDC Ltd.,NMDC,526371,METALS & MINING,MINING,2823.60,1190.40,0.30,88.80,45461.00,1404.10,379.00,1026.20,45415.00,5862.20,20.00
Epigral Ltd.,EPIGRAL,543332,CHEMICALS & PETROCHEMICALS,SPECIALTY CHEMICALS,370.20,107.90,0.23,45443.00,45372.00,56.10,45552.00,38.00,45300.00,223.40,53.80
Apar Industries Ltd.,APARINDS,532259,CONSUMER DURABLES,OTHER ELECTRICAL EQUIPMENT/PRODUCTS,3576.20,349.80,0.09,45350.00,103.10,237.30,62.90,173.90,45.40,783.90,204.80
Bikaji Foods International Ltd.,BIKAJI,543653,FMCG,PACKAGED FOODS,521.00,87.70,0.14,45458.00,45537.00,75.20,45397.00,61.20,45414.00,173.60,45541.00
Five-Star Business Finance Ltd.,FIVESTAR,543663,BANKING AND FINANCE,FINANCE (INCLUDING NBFCS),133.20,375.00,0.72,45478.00,105.90,267.00,67.60,199.40,45510.00,703.00,45315.00
Ingersoll-Rand (India) Ltd.,INGERRAND,500210,GENERAL INDUSTRIALS,INDUSTRIAL MACHINERY,210.70,65.70,0.24,45447.00,0.60,67.00,45339.00,49.70,45519.00,218.50,69.20
KFIN Technologies Ltd.,KFINTECH,543720,BANKING AND FINANCE,OTHER FINANCIAL SERVICES,115.30,93.70,0.45,45455.00,45325.00,84.20,45373.00,61.40,45446.00,215.10,45455.00
Piramal Enterprises Ltd.,PEL,500302,BANKING AND FINANCE,FINANCE (INCLUDING NBFCS),1320.10,1117.90,0.51,38.30,1038.90,-11.80,45483.00,48.20,2.00,3906.50,173.90
NMDC Steel Ltd.,NSLNISP,543768,METALS & MINING,IRON & STEEL/INTERM.PRODUCTS,349.60,-72.20,-0.26,74.50,40.80,-174.70,-43.60,-131.10,-0.50,,
Eris Lifesciences Ltd.,ERIS,540596,PHARMACEUTICALS & BIOTECHNOLOGY,PHARMACEUTICALS,324.20,181.10,0.36,42.10,45367.00,126.20,45538.00,123.40,45300.00,385.60,45379.00
Mankind Pharma Ltd.,MANKIND,543904,PHARMACEUTICALS & BIOTECHNOLOGY,PHARMACEUTICALS,2025.50,682.60,0.25,96.50,45451.00,637.50,129.80,501.00,45424.00,1564.80,39.10
Kaynes Technology India Ltd.,KAYNES,ASM,CONSUMER DURABLES,OTHER ELECTRICAL EQUIPMENT/PRODUCTS,312.10,48.80,0.14,45418.00,45515.00,39.40,45298.00,32.30,45417.00,143.20,45467.00
Safari Industries (India) Ltd.,SAFARI,523025,TEXTILES APPARELS & ACCESSORIES,OTHER APPARELS & ACCESSORIES,306.60,63.50,0.17,45334.00,45324.00,51.90,45303.00,39.80,45489.00,162.30,68.20
Saregama India Ltd.,SAREGAMA,532163,MEDIA,MOVIES & ENTERTAINMENT,111.50,60.90,0.35,45330.00,0.20,65.60,45460.00,48.10,45414.00,193.40,10.00
Syrma SGS Technology Ltd.,SYRMA,543573,CONSUMER DURABLES,OTHER ELECTRICAL EQUIPMENT/PRODUCTS,662.70,49.00,0.07,45454.00,8.00,37.00,45388.00,45379.00,45444.00,132.40,45419.00
Jindal Saw Ltd.,JINDALSAW,ASM,GENERAL INDUSTRIALS,OTHER INDUSTRIAL PRODUCTS,4662.00,804.20,0.15,142.50,188.70,495.60,139.60,375.70,45515.00,1135.80,35.50
Godawari Power & Ispat Ltd.,GPIL,532734,METALS & MINING,IRON & STEEL/INTERM.PRODUCTS,929.60,361.40,0.28,34.80,45332.00,339.60,86.10,256.90,45463.00,785.50,63.00
Gillette India Ltd.,GILLETTE,507815,FMCG,PERSONAL PRODUCTS,530.80,136.70,0.20,45311.00,0.10,125.20,32.50,92.70,45410.00,361.60,111.00
Symphony Ltd.,SYMPHONY,517385,CONSUMER DURABLES,CONSUMER ELECTRONICS,234.00,41.00,0.15,7.00,2.00,43.00,8.00,35.00,45296.00,114.00,45428.00
Glenmark Life Sciences Ltd.,GLS,543322,PHARMACEUTICALS & BIOTECHNOLOGY,PHARMACEUTICALS,428.30,167.10,0.28,45304.00,0.40,158.90,40.20,118.70,45482.00,505.50,41.30
Usha Martin Ltd.,USHAMART,517146,METALS & MINING,IRON & STEEL PRODUCTS,640.40,144.30,0.18,18.00,45388.00,141.20,35.00,109.50,45446.00,399.40,45304.00
Ircon International Ltd.,IRCON,541956,CEMENT AND CONSTRUCTION,CONSTRUCTION & ENGINEERING,2771.20,215.70,0.07,45318.00,36.90,301.20,77.60,250.70,45475.00,884.60,45391.00
Ujjivan Small Finance Bank Ltd.,UJJIVANSFB,542904,BANKING AND FINANCE,BANKS,528.60,483.40,0.35,0.00,567.80,436.40,108.70,327.70,45474.00,1254.50,45388.00
Procter & Gamble Health Ltd.,PGHL,500126,PHARMACEUTICALS & BIOTECHNOLOGY,PHARMACEUTICALS,216.30,88.70,0.29,45418.00,0.20,88.00,45434.00,65.60,39.50,231.40,139.40
Allcargo Logistics Ltd.,ALLCARGO,532749,TRANSPORTATION,TRANSPORTATION - LOGISTICS,3188.80,118.00,0.04,106.70,36.70,45336.00,45352.00,45525.00,0.90,361.90,45487.00
Sheela Foam Ltd.,SFL,540203,DIVERSIFIED CONSUMER SERVICES,FURNITURE-FURNISHING-PAINTS,547.00,66.20,0.11,45556.00,45451.00,60.20,45458.00,44.00,45416.00,192.40,45490.00
Alok Industries Ltd.,ALOKINDS,521070,TEXTILES APPARELS & ACCESSORIES,TEXTILES,1323.10,35.90,0.03,78.60,142.20,-174.60,0.00,-174.80,-0.30,-948.40,-1.90
Minda Corporation Ltd.,MINDACORP,538962,AUTOMOBILES & AUTO COMPONENTS,AUTO PARTS & EQUIPMENT,1064.50,131.30,0.11,41.40,45549.00,77.00,45491.00,58.80,45414.00,278.20,45454.00
Concord Biotech Ltd.,CONCORDBIO,543960,PHARMACEUTICALS & BIOTECHNOLOGY,BIOTECHNOLOGY,143.20,119.20,0.45,45364.00,0.80,113.20,45501.00,81.00,45480.00,,
